序号,文章标题,发布时间,文章链接,文章内容
1,国家卫健委：5月7日新增确诊病例1例 为本土病例,05月08日08:35,http://society.people.com.cn/n1/2020/0508/c1008-31700855.html,	人民网北京5月8日电 据国家卫健委官方网站消息，5月7日0―24时，31个省（自治区、直辖市）和新疆生产建设兵团报告新增确诊病例1例，为本土病例（在吉林）；无新增死亡病例；新增疑似病例3例，均为境外输入病例（在上海）。	当日新增治愈出院病例36例，解除医学观察的密切接触者645人，重症病例减少5例。	境外输入现有确诊病例219例（含重症病例5例），现有疑似病例6例。累计确诊病例1680例，累计治愈出院病例1461例，无死亡病例。	截至5月7日24时，据31个省（自治区、直辖市）和新疆生产建设兵团报告，现有确诊病例260例（其中重症病例18例），累计治愈出院病例77993例，累计死亡病例4633例，累计报告确诊病例82886例，现有疑似病例6例。累计追踪到密切接触者736010人，尚在医学观察的密切接触者6167人。	31个省（自治区、直辖市）和新疆生产建设兵团报告新增无症状感染者16例（无境外输入）；当日无转为确诊病例；当日解除医学观察42例（境外输入10例）；尚在医学观察无症状感染者854例（境外输入71例）。	累计收到港澳台地区通报确诊病例1529例。其中，香港特别行政区1044例（出院944例，死亡4例），澳门特别行政区45例（出院40例），台湾地区440例（出院347例，死亡6例）。(责编：岳弘彬、刘军涛)
2,国家卫健委：5月6日新增确诊病例2例 均为境外输入病例,05月07日08:07,http://society.people.com.cn/n1/2020/0507/c1008-31699071.html,	人民网北京5月7日电 据国家卫健委官方网站消息，5月6日0―24时，31个省（自治区、直辖市）和新疆生产建设兵团报告新增确诊病例2例，均为境外输入病例（上海1例，广东1例）；无新增死亡病例；新增疑似病例2例，均为境外输入病例（在上海）。	当日新增治愈出院病例46例，解除医学观察的密切接触者627人，重症病例减少3例。	境外输入现有确诊病例246例（含重症病例5例），现有疑似病例4例。累计确诊病例1680例，累计治愈出院病例1434例，无死亡病例。	截至5月6日24时，据31个省（自治区、直辖市）和新疆生产建设兵团报告，现有确诊病例295例（其中重症病例23例），累计治愈出院病例77957例，累计死亡病例4633例，累计报告确诊病例82885例，现有疑似病例4例。累计追踪到密切接触者735737人，尚在医学观察的密切接触者6537人。	31个省（自治区、直辖市）和新疆生产建设兵团报告新增无症状感染者6例（无境外输入）；当日无转为确诊病例；当日解除医学观察29例（境外输入7例）；尚在医学观察无症状感染者880例（境外输入81例）。	累计收到港澳台地区通报确诊病例1524例。其中，香港特别行政区1040例（出院932例，死亡4例），澳门特别行政区45例（出院40例），台湾地区439例（出院339例，死亡6例）。(责编：岳弘彬、刘军涛)
3,国家卫健委：5月5日新增确诊病例2例 均为境外输入病例,05月06日09:00,http://society.people.com.cn/n1/2020/0506/c1008-31698164.html,	人民网北京5月6日电 据国家卫健委官方网站消息，5月5日0―24时，31个省（自治区、直辖市）和新疆生产建设兵团报告新增确诊病例2例，均为境外输入病例（在陕西）；无新增死亡病例；新增疑似病例3例，均为境外输入病例（在上海）。	当日新增治愈出院病例58例，解除医学观察的密切接触者517人，重症病例减少3例。	境外输入现有确诊病例278例（含重症病例5例），现有疑似病例5例。累计确诊病例1678例，累计治愈出院病例1400例，无死亡病例。	截至5月5日24时，据31个省（自治区、直辖市）和新疆生产建设兵团报告，现有确诊病例339例（其中重症病例26例），累计治愈出院病例77911例，累计死亡病例4633例，累计报告确诊病例82883例，现有疑似病例5例。累计追踪到密切接触者735577人，尚在医学观察的密切接触者6973人。	31个省（自治区、直辖市）和新疆生产建设兵团报告新增无症状感染者20例（境外输入3例）；当日无转为确诊病例；当日解除医学观察64例（境外输入9例）；尚在医学观察无症状感染者903例（境外输入88例）。	累计收到港澳台地区通报确诊病例1523例。其中，香港特别行政区1040例（出院920例，死亡4例），澳门特别行政区45例（出院39例），台湾地区438例（出院334例，死亡6例）。(责编：岳弘彬、刘军涛)
4,全国应急响应级别汇总：8省份处于二级 21地降为三级,05月05日22:15,http://society.people.com.cn/n1/2020/0505/c1008-31697373.html,	人民网北京5月5日电（记者唐述权、白宇）5月5日，山东省和河南省同日发布消息称，自2020年5月6日0时起，这两省的重大突发公共卫生事件应急响应级别均由二级调整为三级。人民网统计梳理的全国各省份应急响应级别调整情况汇总表显示，截至目前，全国已无一级响应级别省份，二级响应级别省份8个，三级响应级别省份21个，四级响应级别省份2个。　一级响应启动集中于1月24和25日，5月2日全部调整完毕新冠肺炎疫情发生后，各地迅速响应，浙江、广东、湖南3个省份于1月23日率先启动一级应急响应。1月24日（除夕），15个省份启动一级响应，其中湖北省由1月22日启动的二级响应调整为一级响应。1月25日，新疆等12个省份启动一级响应。1月30日，西藏由此前1月27日的二级响应调整为一级响应，至此，全国31个省份均已启动一级应急响应。各地对一级响应级别进行调整的时间集中于2月底和3月初，其中京津冀三地于4月30日同时调整为二级响应。随着5月2日湖北省响应级别调整为二级响应，全国31个省份的一级响应级别全部调整完毕。目前应急响应级别分布：仅8地为二级响应，青海新疆为四级响应截至5月5日，二级响应级别的8个省份为：北京、天津、河北、上海、湖北、广东、西藏、宁夏。其中，西藏部分地区按三级响应管理。	三级响应级别的21个省份为：山西、内蒙古、辽宁、吉林、黑龙江、江苏、浙江、安徽、福建、江西、山东、河南、湖南、广西、海南、重庆、四川、贵州、云南、陕西、甘肃。	四级响应级别的2个省份为：青海、新疆。响应级别调降情况：有的直接从一级降为三级，有的连续逐级降低北京、天津、河北、上海、湖北、广东、西藏、宁夏等8个省份的应急响应级别是从一级降到目前的二级。	内蒙古、辽宁、广西、贵州、云南、陕西、甘肃等7个省份则是从一级响应直接降到三级。	山西、吉林、黑龙江、江苏、浙江、安徽、福建、江西、山东、河南、湖南、海南、重庆、四川等14个省份逐级降低，从一级降到二级，再从二级降到三级。	新疆的响应级别也是逐级降低，从一级降到二级，再降到三级，最后降到最低级别的四级。青海是从一级响应直接降到三级，再从三级降到四级。3月6日，青海已是四级响应地区。突发公共卫生事件应急响应级别共四级	《国家突发公共卫生事件应急预案》规定，根据突发公共卫生事件性质、危害程度、涉及范围，突发公共卫生事件划分为特别重大（Ⅰ级）、重大（Ⅱ级）、较大（Ⅲ级）和一般（Ⅳ级）四级。一般来说，一级响应由国务院组织实施，各省级人民政府在国务院统一领导和指挥下组织协调省内应急处置工作。应急响应级别下调，表明疫情的范围、性质和危害程度有所降低，应对疫情的组织实施部门也随之下调。调整为二级响应，由省级人民政府领导和指挥本行政区域内的应急处置工作；调整为三级响应，由市级人民政府领导和指挥本行政区域内的应急处置工作；调整为四级响应，由县级人民政府领导和指挥本行政区域内的应急处置工作。上一级人民政府可根据实际情况给予下级人民政府指导和支持。(责编：白宇、刘军涛)
5,国家卫健委：5月4日新增确诊1例 为上海境外输入病例,05月05日07:40,http://society.people.com.cn/n1/2020/0505/c1008-31697055.html,	人民网北京5月5日电 据国家卫健委官方网站消息，5月4日0―24时，31个省（自治区、直辖市）和新疆生产建设兵团报告新增确诊病例1例，为境外输入病例（在上海）；无新增死亡病例；无新增疑似病例。	当日新增治愈出院病例87例，解除医学观察的密切接触者710人，重症病例减少4例。	境外输入现有确诊病例325例（含重症病例5例），现有疑似病例2例。累计确诊病例1676例，累计治愈出院病例1351例，无死亡病例。	截至5月4日24时，据31个省（自治区、直辖市）和新疆生产建设兵团报告，现有确诊病例395例（其中重症病例29例），累计治愈出院病例77853例，累计死亡病例4633例，累计报告确诊病例82881例，现有疑似病例2例。累计追踪到密切接触者735240人，尚在医学观察的密切接触者7152人。	31个省（自治区、直辖市）和新疆生产建设兵团报告新增无症状感染者15例（无境外输入）；当日无转为确诊病例；当日解除医学观察30例（境外输入4例）；尚在医学观察无症状感染者947例（境外输入94例）。	累计收到港澳台地区通报确诊病例1523例。其中，香港特别行政区1040例（出院900例，死亡4例），澳门特别行政区45例（出院39例），台湾地区438例（出院334例，死亡6例）。(责编：白宇、唐述权)
6,国家卫健委：30日新增12例确诊病例 本土6例,05月01日08:26,http://society.people.com.cn/n1/2020/0501/c1008-31695411.html,	人民网北京5月1日电 据国家卫健委网站消息，4月30日0―24时，31个省（自治区、直辖市）和新疆生产建设兵团报告新增确诊病例12例，其中6例为境外输入病例（上海5例，福建1例），6例为本土病例（黑龙江5例，内蒙古1例）；无新增死亡病例；新增疑似病例3例，均为境外输入疑似病例（均在上海）。	当日新增治愈出院病例32例，解除医学观察的密切接触者882人，重症病例减少3例。	境外输入现有确诊病例505例（含重症病例7例），现有疑似病例7例。累计确诊病例1670例，累计治愈出院病例1165例，无死亡病例。	截至4月30日24时，据31个省（自治区、直辖市）和新疆生产建设兵团报告，现有确诊病例599例（其中重症病例38例），累计治愈出院病例77642例，累计死亡病例4633例，累计报告确诊病例82874例，现有疑似病例9例。累计追踪到密切接触者732966人，尚在医学观察的密切接触者7761人。	湖北无新增确诊病例，无新增治愈出院病例，无新增死亡病例，无现有确诊病例，无重症病例。累计治愈出院病例63616例（武汉46464例），累计死亡病例4512例（武汉3869例），累计确诊病例68128例（武汉50333例）。无新增疑似病例，无现有疑似病例。	31个省（自治区、直辖市）和新疆生产建设兵团报告新增无症状感染者25例（无境外输入）；当日转为确诊病例6例（境外输入1例）；当日解除医学观察36例（境外输入11例）；尚在医学观察无症状感染者981例（境外输入115例）。	累计收到港澳台地区通报确诊病例1511例。其中，香港特别行政区1037例（出院846例，死亡4例），澳门特别行政区45例（出院35例），台湾地区429例（出院322例，死亡6例）。(责编：牛镛、岳弘彬)
7,31省区市新增确诊病例10例 4例为本土病例,04月23日08:42,http://society.people.com.cn/n1/2020/0423/c1008-31684852.html,	人民网北京4月23日电 据国家卫健委网站消息，4月22日0―24时，31个省（自治区、直辖市）和新疆生产建设兵团报告新增确诊病例10例，其中6例为境外输入病例，4例为本土病例（黑龙江3例，广东1例）；无新增死亡病例；无新增疑似病例。	当日新增治愈出院病例56例，解除医学观察的密切接触者824人，重症病例减少15例。	境外输入现有确诊病例793例（含重症病例37例），现有疑似病例16例。累计确诊病例1616例，累计治愈出院病例823例，无死亡病例。	截至4月22日24时，据31个省（自治区、直辖市）和新疆生产建设兵团报告，现有确诊病例959例（其中重症病例63例），累计治愈出院病例77207例，累计死亡病例4632例，累计报告确诊病例82798例，现有疑似病例20例。累计追踪到密切接触者728049人，尚在医学观察的密切接触者8429人。	湖北无新增确诊病例，新增治愈出院病例28例（武汉28例），无新增死亡病例，现有确诊病例69例（武汉69例），其中重症病例2例（武汉2例）。累计治愈出院病例63547例（武汉46395例），累计死亡病例4512例（武汉3869例），累计确诊病例68128例（武汉50333例）。无新增疑似病例，无现有疑似病例。	31个省（自治区、直辖市）和新疆生产建设兵团报告新增无症状感染者27例，其中境外输入无症状感染者1例；当日转为确诊病例3例（无境外输入）；当日解除医学观察31例（境外输入7例）；尚在医学观察无症状感染者984例（境外输入166例）。	累计收到港澳台地区通报确诊病例1504例。其中，香港特别行政区1033例（出院678例，死亡4例），澳门特别行政区45例（出院26例），台湾地区426例（出院236例，死亡6例）。(责编：白宇、岳弘彬)
8,北京昨日无新增报告新冠肺炎确诊病例 出院2例,04月22日09:00,http://society.people.com.cn/n1/2020/0422/c1008-31683328.html,	人民网北京4月22日电 据北京卫健委网站消息，4月21日0时至24时，北京市无新增报告境外输入新冠肺炎确诊病例、疑似病例和无症状感染者，治愈出院病例2例。截至4月21日24时，累计报告境外输入确诊病例174例，无境外输入无症状感染者报告，治愈出院病例112例。	4月21日0时至24时，北京市无新增报告本地确诊病例、疑似病例和无症状感染者。截至4月21日24时，累计报告本地确诊病例419例，无处于医学观察期的无症状感染者，治愈出院病例406例，治愈出院率96.9%。	北京市有15个区已连续29天以上无本地报告新增确诊病例，具体为平谷区自有疫情以来无报告病例、延庆区89天、门头沟区79天、怀柔区75天、顺义区73天、密云区70天、石景山区68天、大兴区68天、房山区65天、昌平区64天、西城区62天、通州区62天、丰台区49天、东城区46天、海淀区29天。           (责编：白宇、岳弘彬)
9,31省区市新增确诊30例 昨日新增7例本土病例,04月22日08:58,http://society.people.com.cn/n1/2020/0422/c1008-31683307.html,	人民网北京4月22日电 据国家卫健委网站消息，4月21日0―24时，31个省（自治区、直辖市）和新疆生产建设兵团报告新增确诊病例30例，其中23例为境外输入病例，7例为本土病例（黑龙江7例）；无新增死亡病例；新增疑似病例3例，均为境外输入疑似病例。	当日新增治愈出院病例28例，解除医学观察的密切接触者784人，重症病例减少4例。	境外输入现有确诊病例811例（含重症病例41例），现有疑似病例30例。累计确诊病例1610例，累计治愈出院病例799例，无死亡病例。	截至4月21日24时，据31个省（自治区、直辖市）和新疆生产建设兵团报告，现有确诊病例1005例（其中重症病例78例），累计治愈出院病例77151例，累计死亡病例4632例，累计报告确诊病例82788例，现有疑似病例35例。累计追踪到密切接触者727589人，尚在医学观察的密切接触者8796人。	湖北无新增确诊病例，新增治愈出院病例5例（武汉5例），无新增死亡病例，现有确诊病例97例（武汉97例），其中重症病例15例（武汉15例）。累计治愈出院病例63519例（武汉46367例），累计死亡病例4512例（武汉3869例），累计确诊病例68128例（武汉50333例）。无新增疑似病例，无现有疑似病例。	31个省（自治区、直辖市）和新疆生产建设兵团报告新增无症状感染者42例，其中境外输入无症状感染者7例；当日转为确诊病例1例（无境外输入）；当日解除医学观察42例（境外输入15例）；尚在医学观察无症状感染者991例（境外输入172例）。	累计收到港澳台地区通报确诊病例1499例。其中，香港特别行政区1029例（出院650例，死亡4例），澳门特别行政区45例（出院24例），台湾地区425例（出院217例，死亡6例）。(责编：白宇、岳弘彬)
10,国家卫健委：昨日新增确诊11例 无症状感染者37例,04月21日08:21,http://society.people.com.cn/n1/2020/0421/c1008-31681358.html,	人民网北京4月21日电 据国家卫健委网站消息，4月20日0―24时，31个省（自治区、直辖市）和新疆生产建设兵团报告新增确诊病例11例，其中4例为境外输入病例，7例为本土病例（黑龙江6例，广东1例）；无新增死亡病例；新增疑似病例3例，其中2例为境外输入疑似病例，1例为本土疑似病例（黑龙江1例）。	当日新增治愈出院病例39例，解除医学观察的密切接触者882人，重症病例增加1例。	境外输入现有确诊病例811例（含重症病例44例），现有疑似病例32例。累计确诊病例1587例，累计治愈出院病例776例，无死亡病例。	截至4月20日24时，据31个省（自治区、直辖市）和新疆生产建设兵团报告，现有确诊病例1003例（其中重症病例82例），累计治愈出院病例77123例，累计死亡病例4632例，累计报告确诊病例82758例，现有疑似病例37例。累计追踪到密切接触者726797人，尚在医学观察的密切接触者8791人。	湖北无新增确诊病例，新增治愈出院病例3例（武汉3例），无新增死亡病例，现有确诊病例102例（武汉102例），其中重症病例19例（武汉19例）。累计治愈出院病例63514例（武汉46362例），累计死亡病例4512例（武汉3869例），累计确诊病例68128例（武汉50333例）。无新增疑似病例，无现有疑似病例。	31个省（自治区、直辖市）和新疆生产建设兵团报告新增无症状感染者37例，其中境外输入无症状感染者2例；当日转为确诊病例3例（无境外输入）；当日解除医学观察32例（境外输入6例）；尚在医学观察无症状感染者992例（境外输入180例）。	累计收到港澳台地区通报确诊病例1492例。其中，香港特别行政区1025例（出院630例，死亡4例），澳门特别行政区45例（出院22例），台湾地区422例（出院203例，死亡6例）。(责编：牛镛、岳弘彬)
11,援汉疾控队凯旋！,04月20日16:20,http://society.people.com.cn/n1/2020/0420/c1008-31680752.html,	人民网武汉4月20日电（记者 田豆豆）4月20日，援助武汉疾控队74名队员圆满完成各项任务后顺利返京。据悉，援汉疾控队是全国最后一支撤回的援鄂队伍。	新冠肺炎疫情发生以来，国家卫生健康委共选派965名疾控队员驰援湖北省，迅速投入到疫情阻击战中。	武汉疫情早期，面对患者快速增长的严重情况，疾控队深入街道、社区中心进行蹲点巡查，千方百计控制传染源，切断传播途径。疾控队通过设计开发核酸检测系统、加大培训力度等，快速提高了湖北省检测能力，使对有关人员的病毒检测做到做到“应检尽检、即送即检、日清日结”。针对社区防控这一关键环节，援鄂疾控队与湖北疾控人员组成防控小分队，落实网格化防控措施，加大流调工作力度，做到“2小时内完成网报、12小时内完成检测、24小时内完成流调”。	援汉疾控队累计完成13046例患者流调，追踪调查近4万名密接人员，检测标本43.4万份，培训武汉本地疫情防控人员26万多人，覆盖社区群众1100万，为湖北省和武汉市疫情防控工作作出了重要贡献。现在仍有部分专家继续留守武汉，协助当地做好常态化的各项防控工作。 (责编：曹昆)
12,国家卫健委：昨日新增确诊12例 无症状感染者49例,04月20日09:04,http://society.people.com.cn/n1/2020/0420/c1008-31680126.html,	人民网北京4月20日电 据国家卫健委网站消息，4月19日0―24时，31个省（自治区、直辖市）和新疆生产建设兵团报告新增确诊病例12例，其中8例为境外输入病例，4例为本土病例（黑龙江3例，内蒙古1例）；无新增死亡病例；新增疑似病例2例，均为境外输入疑似病例（上海2例）。	当日新增治愈出院病例22例，解除医学观察的密切接触者904人，重症病例减少4例。	境外输入现有确诊病例841例（含重症病例43例），现有疑似病例39例。累计确诊病例1583例，累计治愈出院病例742例，无死亡病例。	截至4月19日24时，据31个省（自治区、直辖市）和新疆生产建设兵团报告，现有确诊病例1031例（其中重症病例81例），累计治愈出院病例77084例，累计死亡病例4632例，累计报告确诊病例82747例，现有疑似病例43例。累计追踪到密切接触者725814人，尚在医学观察的密切接触者8694人。	湖北无新增确诊病例，新增治愈出院病例4例（武汉4例），无新增死亡病例，现有确诊病例105例（武汉105例），其中重症病例20例（武汉20例）。累计治愈出院病例63511例（武汉46359例），累计死亡病例4512例（武汉3869例），累计确诊病例68128例（武汉50333例）。无新增疑似病例，无现有疑似病例。	31个省（自治区、直辖市）和新疆生产建设兵团报告新增无症状感染者49例，其中境外输入无症状感染者5例；当日无转为确诊病例；当日解除医学观察58例（境外输入7例）；尚在医学观察无症状感染者990例（境外输入184例）。	累计收到港澳台地区通报确诊病例1490例。其中，香港特别行政区1025例（出院602例，死亡4例），澳门特别行政区45例（出院20例），台湾地区420例（出院189例，死亡6例）。(责编：牛镛、岳弘彬)
13,国家卫健委:4月9日新增确诊病例42例 本土病例4例,04月10日07:50,http://society.people.com.cn/n1/2020/0410/c1008-31668149.html,	人民网北京4月10日电 据国家卫健委网站消息，4月9日0―24时，31个省（自治区、直辖市）和新疆生产建设兵团报告新增确诊病例42例，其中38例为境外输入病例，4例为本土病例（广东3例，黑龙江1例）；新增死亡病例1例（湖北1例）；新增疑似病例3例，均为境外输入病例（内蒙古2例，上海1例）。	当日新增治愈出院病例85例，解除医学观察的密切接触者1823人，重症病例减少32例。	境外输入现有确诊病例733例（含重症病例34例），现有疑似病例53例。累计确诊病例1141例，累计治愈出院病例408例，无死亡病例。	截至4月9日24时，据31个省（自治区、直辖市）和新疆生产建设兵团报告，现有确诊病例1116例（其中重症病例144例），累计治愈出院病例77455例，累计死亡病例3336例，累计报告确诊病例81907例，现有疑似病例53例。累计追踪到密切接触者717378人，尚在医学观察的密切接触者11176人。	湖北无新增确诊病例，新增治愈出院病例49例（武汉49例），新增死亡病例1例（武汉1例），现有确诊病例351例（武汉348例），其中重症病例103例（武汉101例）。累计治愈出院病例64236例（武汉47085例），累计死亡病例3216例（武汉2575例），累计确诊病例67803例（武汉50008例）。无新增疑似病例，无现有疑似病例。	31个省（自治区、直辖市）和新疆生产建设兵团报告新增无症状感染者47例，其中境外输入无症状感染者14例；当日转为确诊病例14例（境外输入14例）；当日解除医学观察40例（境外输入15例）；尚在医学观察无症状感染者1097例（境外输入349例）。	累计收到港澳台地区通报确诊病例1398例：香港特别行政区973例（出院293例，死亡4例），澳门特别行政区45例（出院10例），台湾地区380例（出院80例，死亡5例）。(责编：牛镛、刘军涛)
14,国家卫健委:4月7日新增确诊病例62例 本土病例3例,04月08日08:06,http://society.people.com.cn/n1/2020/0408/c1008-31665046.html,"	人民网北京4月8日电 据国家卫生健康委员会官方网站消息，4月7日0―24时，31个省（自治区、直辖市）和新疆生产建设兵团报告新增确诊病例62例，其中59例为境外输入病例，3例为本土病例（山东2例，广东1例）；新增死亡病例2例（上海1例，湖北1例）；新增疑似病例12例，其中11例为境外输入病例，1例为本土病例（广东1例）。	当日新增治愈出院病例112例，解除医学观察的密切接触者2295人，重症病例减少22例。	境外输入现有确诊病例714例（含重症病例23例），现有疑似病例82例。累计确诊病例1042例，累计治愈出院病例328例，无死亡病例。	截至4月7日24时，据31个省（自治区、直辖市）和新疆生产建设兵团报告，现有确诊病例1190例（其中重症病例189例），累计治愈出院病例77279例，累计死亡病例3333例，累计报告确诊病例81802例，现有疑似病例83例。累计追踪到密切接触者715854人，尚在医学观察的密切接触者13334人。	湖北无新增确诊病例，新增治愈出院病例69例（武汉69例），新增死亡病例1例（武汉1例），现有确诊病例448例（武汉445例），其中重症病例158例（武汉155例）。累计治愈出院病例64142例（武汉46991例），累计死亡病例3213例（武汉2572例），累计确诊病例67803例（武汉50008例）。无新增疑似病例，无现有疑似病例。	31个省（自治区、直辖市）和新疆生产建设兵团报告新增无症状感染者137例,其中境外输入无症状感染者102例；当日转为确诊病例11例（境外输入11例）；当日解除医学观察64例（境外输入8例）；尚在医学观察无症状感染者1095例（境外输入358例）。	累计收到港澳台地区通报确诊病例1355例：香港特别行政区935例（出院236例，死亡4例），澳门特别行政区44例（出院10例），台湾地区376例（出院61例，死亡5例）。(责编：岳弘彬、申亚欣)"
15,卫健委：4月4日新增确诊病例30例 无症状感染者47例,04月05日08:02,http://society.people.com.cn/n1/2020/0405/c1008-31662190.html,"	人民网北京4月5日电 据国家卫健委网站消息，4月4日0―24时，31个省（自治区、直辖市）和新疆生产建设兵团报告新增确诊病例30例，其中25例为境外输入病例，5例为本土病例（广东5例）；新增死亡病例3例（湖北3例）；新增疑似病例11例，均为境外输入病例。	当日新增治愈出院病例213例，解除医学观察的密切接触者1869人，重症病例减少36例。	境外输入现有确诊病例697例（含重症病例18例），现有疑似病例107例。累计确诊病例913例，累计治愈出院病例216例，累计死亡病例0例。	截至4月4日24时，据31个省（自治区、直辖市）和新疆生产建设兵团报告，现有确诊病例1376例（其中重症病例295例），累计治愈出院病例76964例，累计死亡病例3329例，累计报告确诊病例81669例，现有疑似病例107例。累计追踪到密切接触者713110人，尚在医学观察的密切接触者17436人。	湖北新增确诊病例0例（武汉0例），新增治愈出院病例183例（武汉183例），新增死亡病例3例（武汉3例），现有确诊病例648例（武汉644例），其中重症病例267例（武汉264例）。累计治愈出院病例63945例（武汉46794例），累计死亡病例3210例（武汉2570例），累计确诊病例67803例（武汉50008例）。新增疑似病例0例（武汉0例），现有疑似病例0例（武汉0例）。	31个省（自治区、直辖市）和新疆生产建设兵团报告新增无症状感染者47例,其中境外输入无症状感染者16例；当日转为确诊病例3例（境外输入3例）；当日解除医学观察50例（境外输入8例）。尚在医学观察无症状感染者1024例（境外输入244例）。	累计收到港澳台地区通报确诊病例1261例：香港特别行政区862例（出院186例，死亡4例），澳门特别行政区44例（出院10例），台湾地区355例（出院50例，死亡5例）。(责编：牛镛、岳弘彬)"
16,卫健委：4月3日新增确诊病例19例，其中1例为本土病例,04月04日08:21,http://society.people.com.cn/n1/2020/0404/c1008-31661701.html,"	人民网北京4月4日电 据国家卫生健康委员会官方网站消息，4月3日0―24时，31个省（自治区、直辖市）和新疆生产建设兵团报告新增确诊病例19例，其中18例为境外输入病例，1例为本土病例（湖北1例）；新增死亡病例4例（湖北4例）；新增疑似病例11例，均为境外输入病例。	当日新增治愈出院病例180例，解除医学观察的密切接触者2346人，重症病例减少48例。	境外输入现有确诊病例698例（含重症病例17例），现有疑似病例114例。累计确诊病例888例，累计治愈出院病例190例，累计死亡病例0例。	截至4月3日24时，据31个省（自治区、直辖市）和新疆生产建设兵团报告，现有确诊病例1562例（其中重症病例331例），累计治愈出院病例76751例，累计死亡病例3326例，累计报告确诊病例81639例，现有疑似病例114例。累计追踪到密切接触者712088人，尚在医学观察的密切接触者18286人。	湖北新增确诊病例1例（武汉1例），新增治愈出院病例150例（武汉150例），新增死亡病例4例（武汉4例），现有确诊病例834例（武汉830例），其中重症病例303例（武汉300例）。累计治愈出院病例63762例（武汉46611例），累计死亡病例3207例（武汉2567例），累计确诊病例67803例（武汉50008例）。新增疑似病例0例（武汉0例），现有疑似病例0例（武汉0例）。	31个省（自治区、直辖市）和新疆生产建设兵团报告新增无症状感染者64例,其中境外输入无症状感染者26例；当日转为确诊病例3例（境外输入转为确诊2例）；当日解除医学观察58例（境外输入解除医学观察6例）。尚在医学观察无症状感染者1030例（境外输入239例）。	累计收到港澳台地区通报确诊病例1236例：香港特别行政区845例（出院173例，死亡4例），澳门特别行政区43例（出院10例），台湾地区348例（出院50例，死亡5例）。(责编：马昌、岳弘彬)"
17,卫健委：3月31日新增确诊病例36例 无症状感染者130例,04月01日12:41,http://society.people.com.cn/n1/2020/0401/c1008-31657576.html,"	人民网北京4月1日电 据国家卫生健康委员会官方网站消息，3月31日0―24时，31个省（自治区、直辖市）和新疆生产建设兵团报告新增确诊病例36例，其中境外输入病例35例，本土病例1例（广东1例）；新增死亡病例7例（湖北6例，上海1例）；新增疑似病例26例，均为境外输入病例。	当日新增治愈出院病例186例，解除医学观察的密切接触者1418人，重症病例减少62例。	境外输入现有确诊病例691例（含重症病例20例），现有疑似病例169例。累计确诊病例806例，累计治愈出院病例115例，累计死亡病例0例。	截至3月31日24时，据31个省（自治区、直辖市）和新疆生产建设兵团报告，现有确诊病例2004例（含重症病例466例），现有疑似病例172例。累计确诊病例81554例，累计治愈出院病例76238例，累计死亡病例3312例，累计追踪到密切接触者707913人，尚在医学观察的密切接触者20314人。	湖北新增确诊病例1例（武汉1例，为境外输入病例），新增治愈出院病例173例（武汉173例），新增死亡病例6例（武汉5例），现有确诊病例1283例（武汉1279例），其中重症病例435例（武汉432例）。累计治愈出院病例63326例（武汉46175例），累计死亡病例3193例（武汉2553例），累计确诊病例67802例（武汉50007例）。新增疑似病例0例（武汉0例），现有疑似病例0例（武汉0例）。	31个省（自治区、直辖市）和新疆生产建设兵团报告新增无症状感染者130例,当日转为确诊病例2例,当日解除隔离302例。尚在医学观察无症状感染者1367例，比前一日减少174例。	累计收到港澳台地区通报确诊病例1077例：香港特别行政区714例（出院128例，死亡4例），澳门特别行政区41例（出院10例），台湾地区322例（出院39例，死亡5例）。(责编：马昌、岳弘彬)"
18,国家卫健委：3月29日新增境外输入病例30例，本土1例,03月30日08:23,http://society.people.com.cn/n1/2020/0330/c1008-31653226.html,	人民网北京3月30日电 据国家卫生健康委员会官方网站消息，3月29日0―24时，31个省（自治区、直辖市）和新疆生产建设兵团报告新增确诊病例31例，其中境外输入病例30例，本土病例1例（甘肃1例）；新增死亡病例4例（湖北4例）；新增疑似病例17例，均为境外输入病例。	当日新增治愈出院病例322例，解除医学观察的密切接触者1575人，重症病例减少109例。	境外输入现有确诊病例630例（含重症病例19例），现有疑似病例165例。累计确诊病例723例，累计治愈出院病例93例，累计死亡病例0例。	截至3月29日24时，据31个省（自治区、直辖市）和新疆生产建设兵团报告，现有确诊病例2396例（含重症病例633例），现有疑似病例168例。累计确诊病例81470例，累计治愈出院病例75770例，累计死亡病例3304例，累计追踪到密切接触者704190人，尚在医学观察的密切接触者19235人。	湖北新增确诊病例0例（武汉0例），新增治愈出院病例317例（武汉315例），新增死亡病例4例（武汉4例），现有确诊病例1733例（武汉1726例），其中重症病例601例（武汉597例）。累计治愈出院病例62882例（武汉45733例），累计死亡病例3186例（武汉2547例），累计确诊病例67801例（武汉50006例）。新增疑似病例0例（武汉0例），现有疑似病例0例（武汉0例）。	累计收到港澳台地区通报确诊病例977例：香港特别行政区641例（出院118例，死亡4例），澳门特别行政区38例（出院10例），台湾地区298例（出院39例，死亡3例）。(责编：马昌、岳弘彬)
19,甘肃兰州新增1例湖北输入新冠肺炎病例,03月30日00:00,http://society.people.com.cn/n1/2020/0330/c1008-31652809.html,"	人民网北京3月30日电  据甘肃省兰州市卫健委网站消息，2020年3月29日，甘肃省新冠肺炎疫情联防联控工作领导小组办公室确认，兰州市七里河区新增1例湖北输入新冠肺炎病例。现将新增确诊病例相关信息通告如下：	患者：胡某某，男，29岁，湖北省咸宁市通城县人，现居住地在兰州市七里河区。	该患者于2020年1月14日从兰州返回湖北老家，居住在湖北省咸宁市通城县家里。	因工作原因,该患者于3月22日14:00从家里出发，与2名同事（黎某、杨某）自驾一辆车返兰；20:50左右下车戴口罩到湖北襄阳钟岗服务区食用自带的泡面，上厕所，未与服务区其他人员交谈、接触；后在陕西咸阳加油，未做停留。	3月23日凌晨遇到防疫人员检查健康码，患者戴口罩下车后提供健康出行码；8:00左右到甘肃定西渭源上湾服务区加油，并在露天停车场用餐、上厕所，下车戴口罩，未与其他人员交谈、接触；10:00左右到达同行者黎某在兰居住地七里河区西站街道建西东路社区甘南小区大门口，3人未进入小区。此时，已有3名社区工作人员等候引导由专用救护车将患者一行3人转运至七里河区集中留观点进行留观。	3月27日七里河区疾控中心采集咽拭子送检。	3月28日8:00省疾控中心实验室报告病毒核酸检测结果阳性。	3月28日10:30左右由专用救护车送至省级定点医院隔离治疗。(责编：曹昆、刘军涛)"
20,28日新增确诊病例45例 河南1例境外输入44例,03月29日08:41,http://society.people.com.cn/n1/2020/0329/c1008-31652481.html,	人民网北京3月29日电 据国家卫健委官方网站消息，3月28日0―24时，31个省（自治区、直辖市）和新疆生产建设兵团报告新增确诊病例45例，其中境外输入病例44例，本土病例1例（河南1例）；新增死亡病例5例（湖北5例）；新增疑似病例28例，其中境外输入病例27例，本土病例1例（甘肃1例）。	当日新增治愈出院病例477例，解除医学观察的密切接触者1097人，重症病例减少179例。	截至3月28日24时，据31个省（自治区、直辖市）和新疆生产建设兵团报告，现有确诊病例2691例（其中重症病例742例），累计治愈出院病例75448例，累计死亡病例3300例，累计报告确诊病例81439例，现有疑似病例174例。累计追踪到密切接触者701884人，尚在医学观察的密切接触者18581人。	湖北新增确诊病例0例（武汉0例），新增治愈出院病例467例（武汉467例），新增死亡病例5例（武汉5例），现有确诊病例2054例（武汉2045例），其中重症病例710例（武汉706例）。累计治愈出院病例62565例（武汉45418例），累计死亡病例3182例（武汉2543例），累计确诊病例67801例（武汉50006例）。新增疑似病例0例（武汉0例），现有疑似病例0例（武汉0例）。	3月28日0―24时，新增报告境外输入确诊病例44例（广东8例，天津7例，上海7例，北京4例，辽宁3例，江苏3例，浙江3例，四川2例，山西1例，内蒙古1例，吉林1例，福建1例，江西1例，重庆1例，贵州1例）。截至3月28日24时，累计报告境外输入确诊病例693例。	累计收到港澳台地区通报确诊病例902例：香港特别行政区582例（出院112例，死亡4例），澳门特别行政区37例（出院10例），台湾地区283例（出院30例，死亡2例）。(责编：杨光宇、曹昆)
21,北京27日新增境外输入新冠肺炎确诊病例3例,03月28日09:02,http://society.people.com.cn/n1/2020/0328/c1008-31652011.html,	人民网北京3月28日电 据北京市卫健委官方微博消息，3月27日12时至24时，北京新增报告境外输入新冠肺炎确诊病例3例，均为美国输入病例。治愈出院1例。昨日共新增境外输入确诊病例3例。截至3月27日24时，累计报告境外输入确诊病例156例，治愈出院病例15例。	3月27日12时至24时，无新增报告本地确诊病例。昨日新增疑似病例1例。截至3月27日24时，累计报告本地确诊病例416例，治愈出院病例394例，治愈出院率94.7%。	全市有15个区已连续14天以上无本地报告新增确诊病例，具体为平谷区自有疫情以来无报告病例、延庆区64天、门头沟区54天、怀柔区50天、顺义区48天、密云区45天、石景山区43天、大兴区43天、房山区40天、昌平区39天、西城区37天、通州区37天、丰台区24天、朝阳区23天、东城区21天。(责编：牛镛、岳弘彬)
22,人类命运共同体的九种表达方式,03月27日08:49,http://society.people.com.cn/n1/2020/0327/c1008-31650642.html,
23,北京3月26日0时至12时新增报告境外输入确诊病例1例,03月26日13:27,http://society.people.com.cn/n1/2020/0326/c1008-31649579.html,"	人民网北京3月26日电 据北京卫健委网站消息，3月26日0时至12时，新增报告境外输入新冠肺炎确诊病例1例, 为美国输入病例。治愈出院1例。截至3月26日12时，累计报告境外输入确诊病例150例，治愈出院病例12例。	3月26日0时至12时，无新增报告本地确诊病例，治愈出院2例。截至3月26日12时，累计报告本地确诊病例416例，治愈出院病例394例，治愈出院率94.7%。(责编：白宇、岳弘彬)"
24,31省份新增新冠肺炎确诊病例67例 均为境外输入,03月26日08:04,http://society.people.com.cn/n1/2020/0326/c1008-31648646.html,	人民网北京3月26日电 据国家卫健委网站消息，3月25日0―24时，31个省（自治区、直辖市）和新疆生产建设兵团报告新增确诊病例67例，均为境外输入病例；新增死亡病例6例；新增疑似病例58例，均为境外输入病例。	当日新增治愈出院病例401例，解除医学观察的密切接触者721人，重症病例减少164例。	截至3月25日24时，据31个省（自治区、直辖市）和新疆生产建设兵团报告，现有确诊病例3947例（其中重症病例1235例），累计治愈出院病例74051例，累计死亡病例3287例，累计报告确诊病例81285例，现有疑似病例159例。累计追踪到密切接触者695305人，尚在医学观察的密切接触者14714人。	湖北新增确诊病例0例（武汉0例），新增治愈出院病例391例（武汉382例），新增死亡病例6例（武汉5例），现有确诊病例3431例（武汉3407例），其中重症病例1201例（武汉1195例）。累计治愈出院病例61201例（武汉44068例），累计死亡病例3169例（武汉2531例），累计确诊病例67801例（武汉50006例）。新增疑似病例0例（武汉0例），现有疑似病例0例（武汉0例）。	3月25日0―24时，新增报告境外输入确诊病例67例（上海18例，内蒙古12例，广东11例，北京6例，福建6例，陕西3例，天津2例，浙江2例，江苏2例，云南2例，山西1例，吉林1例，河南1例）。截至3月25日24时，累计报告境外输入确诊病例541例。	累计收到港澳台地区通报确诊病例675例：香港特别行政区410例（出院106例，死亡4例），澳门特别行政区30例（出院10例），台湾地区235例（出院29例，死亡2例）。(责编：白宇、岳弘彬)
25,北京25日0时至12时新增报告境外输入确诊病例2例,03月25日12:59,http://society.people.com.cn/n1/2020/0325/c1008-31647909.html,	人民网北京3月25日电 据北京卫健委官方微博消息，北京3月25日0时至12时新增报告境外输入确诊病例2例。其中加拿大1例、法国1例。治愈出院2例。截至3月25日12时，累计报告境外输入确诊病例145例，治愈出院病例11例。	3月25日0时至12时，无新增报告本地确诊病例。截至3月25日12时，累计报告本地确诊病例416例，治愈出院病例392例，治愈出院率94.2%。(责编：牛镛、岳弘彬)
26,疫情蔓延加速 全球逾60国进入紧急状态或“封国”,03月24日17:25,http://society.people.com.cn/n1/2020/0324/c1008-31646536.html,
27,北京3月24日0时至12时新增报告境外输入确诊病例4例,03月24日13:15,http://society.people.com.cn/n1/2020/0324/c1008-31646253.html,"	人民网北京3月24日电 据北京市卫健委网站消息，3月24日0时至12时，新增报告境外输入新冠肺炎确诊病例4例, 其中英国2例，美国、西班牙各1例。截至3月24日12时，累计报告境外输入确诊病例142例，治愈出院病例9例。	3月24日0时至12时，无新增报告本地确诊病例。截至3月24日12时，累计报告本地确诊病例416例，治愈出院病例392例，治愈出院率94.2%。(责编：牛镛、岳弘彬)"
28,4月8日起武汉市解除离汉离鄂通道管控措施,03月24日12:53,http://society.people.com.cn/n1/2020/0324/c1008-31646248.html,	人民网北京3月24日电 据湖北省人民政府网站消息，湖北省新型冠状病毒感染肺炎疫情防控指挥部发布通告：从3月25日零时起，武汉市以外地区解除离鄂通道管控，有序恢复对外交通，离鄂人员凭湖北健康码“绿码”安全有序流动。从4月8日零时起，武汉市解除离汉离鄂通道管控措施，有序恢复对外交通，离汉人员凭湖北健康码“绿码”安全有序流动。以下是通告全文：湖北省新型冠状病毒感染肺炎疫情防控指挥部通告	为统筹推进疫情防控和经济社会发展工作，有序恢复生产生活秩序，根据《中华人民共和国突发事件应对法》《中华人民共和国传染病防治法》和湖北省重大突发公共卫生事件I级响应机制等有关规定，经中央批准，现就解除离鄂通道管控和武汉市复工复产安排等事项通告如下：	一、从3月25日零时起，武汉市以外地区解除离鄂通道管控，有序恢复对外交通，离鄂人员凭湖北健康码“绿码”安全有序流动。	二、武汉市继续实施严格的离汉离鄂通道管控措施。从3月25日零时起，在做好健康管理、落实防控措施的前提下，对持有湖北健康码“绿码”的外出务工人员，经核酸检测合格后，采取“点对点、一站式”的办法集中精准输送，确保安全有序返岗。从4月8日零时起，武汉市解除离汉离鄂通道管控措施，有序恢复对外交通，离汉人员凭湖北健康码“绿码”安全有序流动。	三、外省来鄂来汉人员凭外省健康码或湖北健康码“绿码”，在全省范围内安全有序流动，不需另行提供健康证明（确实无法申领健康码的除外）、流动证明、流入地申请审批表或接收证明、车辆通行证等。出省人员应提前了解并遵守目的地疫情防控相关规定。	四、武汉市根据疫情风险等级评估情况，在做好疫情防控的前提下，推动企业分区分级、分类分时、有条件复工复产。	五、省内大专院校、中小学、中职学校、技工院校、幼儿园等继续延期开学。具体开学时间根据疫情防控情况，经科学评估后确定。	六、各地要进一步强化属地责任，毫不放松抓紧抓实抓细各项防控工作，严防人员流动和聚集增加带来疫情反弹风险，妥善应对输入性风险。要统筹做好滞留在汉在鄂人员返程等工作，细化工作安排，确保安全有序流动。要积极有序推进企事业单位复工复产，努力把疫情造成的损失降到最低限度，力争全省经济社会发展早日全面步入正常轨道。	湖北省新型冠状病毒感染肺炎疫情防控指挥部	2020年3月24日(责编：牛镛、岳弘彬)
29,3月23日武汉市新增新冠肺炎确诊病例1例 系医生,03月24日10:26,http://society.people.com.cn/n1/2020/0324/c1008-31646117.html,"	ÈËÃñÍø±±¾©3ÔÂ24ÈÕµç ¾ÝÎäººÊÐÎÀÉú½¡¿µÎ¯Ô±»á¹Ù·½ÍøÕ¾ÏûÏ¢£¬ 2020Äê3ÔÂ23ÈÕ0Ê±ÖÁ24Ê±£¬ÎäººÊÐÐÂÔöÈ·Õï²¡Àý1Àý¡£»¼ÕßÏµÊ¡ÈËÃñÒ½Ôº£¨±¾²¿£©Ò½Éú£¬×â×¡Îä²ýÇø×ÏÑô½ÖÕÅÖ®¶´Â·137ºÅ£¬½üÆÚÔÚÒ½ÔºÉÏ°à£¬²»ÅÅ³ýÔºÄÚ¸ÐÈ¾¡£ÎäººÊÐÐÂÔö³öÔº²¡Àý426Àý£¬ÐÂÔöËÀÍö²¡Àý7Àý£¬ÐÂÔöÒÉËÆ²¡Àý0Àý¡£	½ØÖÁ2020Äê3ÔÂ23ÈÕ24Ê±£¬ÎäººÊÐÀÛ¼Æ±¨¸æÈ·Õï²¡Àý50006Àý¡£ÆäÖÐ£¨´óÒßÇéÍø°´ÏÖ×¡Ö·Í³¼Æ£©£º½­°¶Çø6549Àý¡¢½­ººÇø5183Àý¡¢³~¿ÚÇø6834Àý¡¢ººÑôÇø4670Àý¡¢Îä²ýÇø7458Àý¡¢ÇàÉ½Çø2782Àý¡¢ºéÉ½Çø4679Àý¡¢¶«Î÷ºþÇø2462Àý¡¢²ÌµéÇø1416Àý¡¢½­ÏÄÇø848Àý¡¢»ÆÚéÇø2114Àý¡¢ÐÂÖÞÇø1072Àý¡¢Îäºº¿ª·¢Çø£¨ººÄÏ£©1085Àý¡¢¶«ºþ¿ª·¢Çø2148Àý¡¢¶«ºþ·ç¾°Çø480Àý¡¢ÍâµØ226Àý¡£ÀÛ¼ÆÖÎÓú³öÔº43214ÈË£¬ÀÛ¼ÆËÀÍö2524ÈË¡£È«ÊÐÏÖÓÐÈ·Õï²¡Àý4268ÈË£¨ÖØÖ¢1198ÈË¡¢Î£ÖØÖ¢329ÈË£©,ÏÖÓÐÒÉËÆ²¡Àý0Àý¡£	3ÔÂ23ÈÕ0-24Ê±, ÎäººÊÐ·¢ÈÈÃÅÕï½ÓÕï345ÈË´Î£¬½ÏÇ°ÈÕ¼õÉÙ11ÈË,ÆäÖÐÊ×Õï210ÈË¡£3ÔÂ23ÈÕµ±ÈÕ£¬ÎäººÊÐºËËá¼ì²â10441ÈË¡£(Ôð±à£ºÐ¢½ð²¨¡¢ÔÀºë±ò)"
30,国家卫健委：3月23日新增报告境外输入确诊病例74例,03月24日08:50,http://society.people.com.cn/n1/2020/0324/c1008-31645736.html,	人民网北京3月24日电 据国家卫健委网站消息，3月23日0―24时，31个省（自治区、直辖市）和新疆生产建设兵团报告新增确诊病例78例，新增死亡病例7例（湖北7例），新增疑似病例35例。	当日新增治愈出院病例456例，解除医学观察的密切接触者769人，重症病例减少176例。	截至3月23日24时，据31个省（自治区、直辖市）和新疆生产建设兵团报告，现有确诊病例4735例（其中重症病例1573例），累计治愈出院病例73159例，累计死亡病例3277例，累计报告确诊病例81171例，现有疑似病例132例。累计追踪到密切接触者691185人，尚在医学观察的密切接触者12077人。	湖北新增确诊病例1例（武汉1例），新增治愈出院病例444例（武汉426例），新增死亡病例7例（武汉7例），现有确诊病例4318例（武汉4268例），其中重症病例1539例（武汉1527例）。累计治愈出院病例60323例（武汉43214例），累计死亡病例3160例（武汉2524例），累计确诊病例67801例（武汉50006例）。新增疑似病例0例（武汉0例），现有疑似病例0例（武汉0例）。	3月23日0―24时，新增报告境外输入确诊病例74例（北京31例，广东14例，上海9例，福建5例，天津4例，江苏3例，浙江2例，四川2例，山西、辽宁、山东和重庆各1例）。截至3月23日24时，累计报告境外输入确诊病例427例。	累计收到港澳台地区通报确诊病例576例：香港特别行政区356例（出院101例，死亡4例），澳门特别行政区25例（出院10例），台湾地区195例（出院29例，死亡2例）。(责编：牛镛、岳弘彬)
31,镜头里的“疫瞬间”⑥：武汉21支援汉医疗队共植“感恩林”,03月23日23:51,http://society.people.com.cn/n1/2020/0323/c1008-31645061.html,	人民网武汉3月23日电 （记者 崔东 刘阳 韩基琛）3月23日，李兰娟院士领衔的来自全国14个省市21支医疗队2801名医护的代表，聚首武汉大学人民医院东院区。与武汉大学人民医院医护一起，在东院区共同栽下了一片“感恩林”。	李兰娟院士与同事一起种下桂花树 刘阳摄	“同新协力”“蜀你最好”“辽表寸心”“渝战渝勇”“浙风挡雨”“沪你周全”“鲁大壮”“秦劳勇敢”“随豫而安”“贵人相助”黑土曙光”“一鼓作气”“渝战渝勇”“赣做敢当”“国泰闽安”……记者在现场看到，每一棵树上都被取了一个与医疗队相关的名字，很多医护人员在树前合影留念。	医护人员在树前合影留念 韩基琛摄	23日上午，支援东院区的贵州第八批医疗队，将从贵州带来的全部救援物资，捐给武汉大学人民医院。“我们心一直在战场上，坚定不移支持东院抗‘疫’！”贵州省卫健委副主任、贵州援鄂医疗队武汉总领队杨慧说。	李兰娟院士接受采访 崔东摄	贵州第八批援鄂医疗队领队石华告诉记者，他们以饱满的工作热情、优良的工作状态投入疫情防治工作中，圆满完成任务，所有医护人员的心往一处想，劲往一处使，相信一定会获得全胜。	贵州第八批援鄂医疗队队员合影 韩基琛摄	贵州医疗队员杜富佳因一家四兄妹为国尽忠感动全国，她兴奋地说，“我可以跟哥哥汇报‘圆满完成任务’了！”	贵州医疗队员杜富佳接受媒体采访 韩基琛摄	东院区疫情防控指挥长张丙宏介绍，截止3月22日，东院区累计收治新冠肺炎患者1517人，转出轻症253人，829人治愈出院。	白衣天使们在桂树前留下“最美”合影 韩基琛摄	‘“桂树’寓意‘贵人’，我们感恩全国人民、特别是全国各地逆行的白衣天使们对湖北、对武汉、对武汉大学人民医院抗疫事业的倾力支持”，武汉大学人民医院院长王高华表示，这片“感恩林”将被确定为医院重要的职工教育基地，人民医院全院职工、包括每年新入职职工，都将来这里接受感恩教育。(责编：冯粒、曹昆)
32,北京3月23日0时至12时新增报告境外输入确诊病例15例,03月23日13:45,http://society.people.com.cn/n1/2020/0323/c1008-31644601.html,"	人民网北京3月23日电 据北京市卫生健康委员会网站消息，3月23日0时至12时，新增报告境外输入新冠肺炎确诊病例15例, 其中西班牙12例、英国2例、挪威1例。治愈出院病例1例。截至3月23日12时，累计报告境外输入确诊病例122例，治愈出院病例9例。	3月23日0时至12时，无新增报告本地确诊病例。截至3月23日12时，累计报告本地确诊病例415例，治愈出院病例392例，治愈出院率94.5%。	 (责编：牛镛、岳弘彬)"
33,国家卫健委：3月22日新增报告境外输入确诊病例39例,03月23日08:14,http://society.people.com.cn/n1/2020/0323/c1008-31643479.html,	人民网北京3月23日电 据国家卫健委网站消息，3月22日0―24时，31个省（自治区、直辖市）和新疆生产建设兵团报告新增确诊病例39例，新增死亡病例9例（湖北9例），新增疑似病例47例。	当日新增治愈出院病例459例，解除医学观察的密切接触者661人，重症病例减少96例。	截至3月22日24时，据31个省（自治区、直辖市）和新疆生产建设兵团报告，现有确诊病例5120例（其中重症病例1749例），累计治愈出院病例72703例，累计死亡病例3270例，累计报告确诊病例81093例，现有疑似病例136例。累计追踪到密切接触者688993人，尚在医学观察的密切接触者10701人。	湖北新增确诊病例0例（武汉0例），新增治愈出院病例447例（武汉434例），新增死亡病例9例（武汉9例），现有确诊病例4768例（武汉4700例），其中重症病例1714例（武汉1699例）。累计治愈出院病例59879例（武汉42788例），累计死亡病例3153例（武汉2517例），累计确诊病例67800例（武汉50005例）。新增疑似病例0例（武汉0例），现有疑似病例0例（武汉0例）。	3月22日0―24时，新增报告境外输入确诊病例39例（北京10例，上海10例，福建6例，广东6例，山东2例，甘肃2例，浙江、河南和重庆各1例）。截至3月22日24时，累计报告境外输入确诊病例353例。	累计收到港澳台地区通报确诊病例507例：香港特别行政区317例（出院100例，死亡4例），澳门特别行政区21例（出院10例），台湾地区169例（出院28例，死亡2例）。(责编：牛镛、岳弘彬)
34,北京输入性病例黎女士就职的公司：其不再是雇员 返回中国未告知公司,03月20日13:21,http://society.people.com.cn/n1/2020/0320/c1008-31641668.html,	人民网北京3月20日电 （朱紫阳）据了解，3月20日，渤健生物科技有限公司表示，北京输入性病例黎女士曾经为该公司雇员，黎女士在未告知公司并忽视健康专业人士建议的情况下，因个人原因返回中国。渤健公司声明，目前黎女士已不是该公司员工。	3月16日北京市公安局通报，3月13日，北京市报告1例从美国输入的确诊病例，黎某，女，37岁，长期定居美国马萨诸塞州。黎某在美期间已出现发热、咳嗽等症状，并多次在当地就诊，在美国登机前曾服用退烧药，登机后未如实向乘务人员提供个人健康状况及丈夫、儿子等同行人员情况，给同机人员造成传染风险。	顺义公安分局以涉嫌妨害传染病防治罪，已对黎某立案侦查。目前，黎某正在定点医院接受治疗，其丈夫、儿子接受隔离观察。	 (责编：曹昆)
35,他们是院士，也是战士,03月17日12:34,http://society.people.com.cn/n1/2020/0317/c1008-31636039.html,
36,国家卫健委：3月16日新增确诊21例 湖北1例 境外20例,03月17日07:47,http://society.people.com.cn/n1/2020/0317/c1008-31634935.html,	人民网北京3月17日电 据国家卫生健康委员会官方网站消息，3月16日0―24时，31个省（自治区、直辖市）和新疆生产建设兵团报告新增确诊病例21例，新增死亡病例13例（湖北12例，陕西1例），新增疑似病例45例。	当日新增治愈出院病例930例，解除医学观察的密切接触者1105人，重症病例减少202例。	截至3月16日24时，据31个省（自治区、直辖市）和新疆生产建设兵团报告，现有确诊病例8976例（其中重症病例2830例），累计治愈出院病例68679例，累计死亡病例3226例，累计报告确诊病例80881例，现有疑似病例128例。累计追踪到密切接触者681404人，尚在医学观察的密切接触者9351人。	湖北新增确诊病例1例（武汉1例），新增治愈出院病例893例（武汉836例），新增死亡病例12例（武汉11例），现有确诊病例8701例（武汉8304例），其中重症病例2782例（武汉2695例）。累计治愈出院病例55987例（武汉39220例），累计死亡病例3111例（武汉2480例），累计确诊病例67799例（武汉50004例）。新增疑似病例0例（武汉0例），现有疑似病例3例（武汉1例）。	3月16日0―24时，新增报告境外输入确诊病例20例（北京9例，上海3例，广东3例，浙江1例，山东1例，广西1例，云南1例，陕西1例）。截至3月16日24时，累计报告境外输入确诊病例143例。	累计收到港澳台地区通报确诊病例235例：香港特别行政区157例（出院88例，死亡4例），澳门特别行政区11例（出院10例），台湾地区67例（出院22例，死亡1例）。(责编：马昌、闫嘉琪)
37,小汤山医院医疗设备就位 最后一批医疗仪器昨天完成现场检测,03月16日09:49,http://society.people.com.cn/n1/2020/0316/c1008-31633862.html,原标题：小汤山医院医疗设备就位	　　昨天，市计量院的工作人员完成对小汤山医院的最后一批医疗仪器设备的检测。 本报记者 胡铁湘摄	　　本报讯（记者 张楠）17年前，为了有效控制SARS疫情，北京在7天内建成小汤山医院，创下世界医院修建速度纪录。17年后，小汤山医院修缮工程启动。记者了解到，目前小汤山医院所有的医疗设备已经就位，昨天，北京市计量院的20多名工作人员再赴小汤山医院，完成最后一批医疗仪器设备的现场检测。	　　CT机、心电图机、除颤仪……每台仪器旁都有一两名工作人员在进行检测。“拿这个设备间来说吧，一共摆着三台设备。别看就三台设备，其实跨着专业呢，需要三个不同专业的工作人员来分别进行检测。”北京市计量院市场与客户关系部主任权威解释说，超纯水机、超净工作台、离心机都需要不同专业技术人员来“搞定”。	　　“目前，小汤山医院所有的医疗设备都已经就位。这是我们第6次来检测了，这也是小汤山医院最后一批待检的现场医疗设备。”2月10日，市计量院接到承担小汤山医院诊疗设备的计量检测任务。从2月11日起，五个专业的工作人员先后6次到小汤山医院进行现场检测，已检测仪器设备870台件。	　　“不管多晚，今天保证把小汤山医院目前所有的现场设备都检测完。”市计量院院长姚和军告诉记者，昨天，工作人员要对约900台件仪器设备进行检测，除了专业的医疗器械外，还包括医院的冰箱等。	　　除了现场需要检测的设备外，有一部分仪器设备如电子体温计、血压计等必须拿回实验室进行检测。市计量院热工流量与过程科学研究所温湿度实验室主任吴健告诉记者，电子体温计必须放在恒温设备中进行检测，检测温度分别为37摄氏度和41摄氏度。“过去10个工作日检测完的仪器设备，如今我们加班加点，确保24小时之内必须检完，立刻再送回小汤山医院。”吴健说。	　　“目前已检测了几百支电子体温计，大部分体温计的误差都在0.1摄氏度左右，符合标准。不过也有十几支电子体温计有故障，已经退回。”权威表示，除了发现故障电子体温计外，还检测发现了不合格的电子血压计。所有功能不全、数值不达标的设备，都已经标注出来，将联系退回。“很多仪器设备，出厂的时候参数未必都是精准的，必须通过计量，将不准确的设备剔除。”	　　过去，各个医院想要检测医疗仪器设备，都需要送检。“而现在疫情期间，医院本身人手就不足，所以我们推出了‘上门取送’的服务，就算是只有一支体温计，我们也会跑一趟医院取，检测完了再给医院送回去。”姚和军说，下一步，医院如有新增需要检测的医疗仪器设备，将随时检测。(责编：温璐、孝金波)
38,今起所有境外进京人员集中隔离观察14天 隔离人员费用需自理,03月16日09:45,http://society.people.com.cn/n1/2020/0316/c1008-31633840.html,原标题：今起所有境外进京人员集中隔离观察14天	　　本报讯（记者 李祺瑶）昨天，在北京市新型冠状病毒肺炎疫情防控工作新闻发布会上，市政府副秘书长陈蓓表示，今天零时起，所有境外进京人员，均应转送至集中观察点进行14天的隔离观察，集中隔离观察期间，隔离人员费用需自理。	　　陈蓓表示，境外输入已经成为本市疫情防控的主要风险，境外输入病例已经成为本市新增确诊病例的主体。为有效防范境外疫情的输入和扩散，首都联防联控协调机制将采取更加严密有力的措施。	　　即日起，首都机场全部国际及港澳台地区进港航班，均停靠首都机场T3D处置专区。实施远端管控、近端筛查、科学处置、责任交接、闭环管理。依据《中华人民共和国国境检疫法》等法律法规，全面加强入境检验检疫工作。全部入境人员严格落实《健康申明卡》填报，实施全员、全项、电子化、可追溯信息化管理，形成全方位、全链条、全闭环的立体防控体系。	　　本市将全面实施集中隔离措施，最大限度控制传染源、切断传播途径。从3月16日零时起，所有境外进京人员，均应转送至集中观察点进行14天的隔离观察，集中观察点将配置专业医护和工作人员，定期开展健康监测，发现问题及时处理，使回国人员更安全、家人更放心。集中隔离观察期间，隔离人员费用需要自理。有特殊情况的，经严格评估，可进行居家观察。	　　虚报信息，隐瞒病情，造成疫情传播的人员将依法依规追究责任，并纳入信用体系。(责编：温璐、孝金波)
39,借着疫情妖魔化中国 西方媒体用了这三招！,03月14日14:20,http://society.people.com.cn/n1/2020/0314/c1008-31631985.html,"	意大利“封城”是“冒着经济风险遏制病毒在欧洲肆虐”；	中国“封城”是“以牺牲人民生计和自由为代价”。	这是《纽约时报》（The New York Times）在3月8日先后仅仅相隔20分钟发布的两条推文。（见下图）	这份拥有近170年历史，向来以严肃著称的美国大报如此明目张胆地“双标”而不自觉，足以说明他们已经深深陷入“凡是诋毁构陷中国便是正当的行为”的刻板印象之中。	不仅仅是《纽约时报》，新冠肺炎疫情发生以来，西方媒体一直“孜孜不倦”地借着疫情说三道四，趁机妖魔化中国。	西方媒体都有哪些招数，不妨来看一看。招数一：大搞种族歧视	2月3日，美国《华尔街日报》（The Wall Street Journal）刊登了《中国是真正的亚洲病夫》（China Is The Real Sick Man of Asia）一文（见下图）。众所周知，在美国舆论生态里，媒体在报道中都尽力避免出现涉嫌“种族歧视”的报道来彰显政治正确，但是《华尔街日报》毫不避讳地在疫情暴发期间将中国人称为“亚洲病夫”（该文作者称是该报编辑自己修改的标题，对此并不知情）。此文引发海内外华人的抗议，但是在各方要求其道歉之后，该报仍然表示立场不变，拒绝采取一切补救措施。	中国外交部发言人赵立坚在发布会上就此事作出回应，第一，面对恶意侮辱、抹黑，中国不做“沉默的羔羊”。第二，该报以新闻报道和评论相对独立为由，百般推诿，没有道理。是的，“没有道理”，《华尔街日报》不可能不了解“病夫”一词对中国人民意味着什么，他们的傲慢可见一斑。	相比《华尔街日报》，丹麦媒体《日德兰邮报》不遑多让，该报曾刊发辱华漫画，将五星红旗上的“五星”恶意修改成冠状病毒的图样，严重伤害中国人民感情。在中国驻丹麦大使馆向该媒体发出严正声明后，该媒体一意孤行拒绝道歉，并狡辩称漫画并无“贬损或嘲笑的意图”。而该国总理竟出面以“言论自由是丹麦传统”为由，替《日德兰邮报》的辱华行为进行辩解。	这种赤裸裸的种族歧视频现，只能说明西方媒体在涉及中国问题上，已经拿着言论自由大棒肆无忌惮地将他们自我标榜的新闻专业主义抛诸脑后，暴露了其根深蒂固的种族主义歧视心态和意识形态偏见。招数二：大肆抹黑污蔑	为了防止疫情蔓延全国甚至是全球，中国采取了关闭所有离汉通道的举措。然而西方媒体对此并不“领情”，英国《泰晤士报》（The Times）和法国《费加罗报》（Le Figaro）在其独家报道中多次使用“鬼城”“地狱”这样的字眼来形容武汉（见下图）。要知道，这两家媒体都是世界知名的老牌报纸，在中国饱受疫情之困的时候，他们的报道竟然丝毫没有体现人道主义精神，而是频繁向外界传递不实消息，实在令人大跌眼镜。	新冠疫情发生以来，西方媒体臆测中国制度缺乏应对突发公共卫生事件的能力，笃定疫情会拖垮整个国家体制。即便是在中国疫情已逐步得到有效控制的情况下，《卫报》（The Guardina）以及在线国际新闻杂志《外交官》（The Diplomat）都曾在其官网上发起“新冠疫情是否会成为中国的切尔诺贝利时刻”的话题讨论（见下图）。	这两份报道，前者认为疫情会导致中国从医疗危机演变成政治危机以及经济危机，后者则是称疫情将会给中国带来“一个截然不同的时代”，文章作出论断声称民主国家似乎更有能力应对这种灾难，而中国无法应付这样突如而来的危机，“中国引以为豪的经济繁荣将很快消散”。在事实面前，西方媒体依旧“面不改色心不跳”地抛出“中国崩溃论”，暴露了他们一贯自以为是的西方中心论的作派。招数三：大行双重标准	正如文章开头所讲述的那样，《纽约时报》将“双标”演绎得淋漓尽致。然而在海内外大量推友痛斥其做法是赤裸裸的“双标”后，该报无动于衷。其旗下“纽约时报中文网”的推特连续两日转发China May Be Beating The Coronavirus,at a Painful Cost的中文版（《中国也许控制了疫情，但代价惨重》）一文，并不遗余力地替意大利辩解（见下图）。	该推连续两日转发该文，精挑细选出文中的观点对中国疫情防控所取得的成效进行攻讦和质疑：“这种手段是否比疾病本身更糟糕？”“中国人到底取得了怎样的成就？他们是控制住了病毒？还是仅仅压制了它？”。而另一边却声称同样是采取“封城”举措的意大利与中国不同。	中英文反复转发，《纽约时报》对这篇文章当真是“情有独钟”。值得一提的是，文章标题用了“也许”两字，可见他们对于承认中国疫情防控取得成效是极不情愿的。文章内容渲染中国“以牺牲民众生计和个人自由为代价”来控制疫情，却对欧美大规模的停产停工停学停赛视而不见。其实，他们之所以在这一点上“下苦功夫”对中国评头论足，是因为面对中国疫情防控向积极方向发展，西方媒体攻击中国的素材和手段明显捉襟见肘。	当下，全球的疫情发展并不乐观，世卫组织已宣布新冠肺炎为全球性流行病，许多国家饱受疫情肆虐的苦痛。在此刻，我们不希冀西方媒体多么赞美中国，只愿他们能够抛下刻板成见而客观、真实的报道中国为抗击疫情所做的努力，多做建设性的报道为全球疫情防控尽一份力。  (责编：申亚欣)"
40,国家卫健委：我国本轮疫情流行高峰已经过去,03月12日15:58,http://politics.people.com.cn/n1/2020/0312/c1001-31629417.html,	3月12日下午15时，国务院联防联控机制召开新闻发布会。	人民网北京3月12日电 3月12日下午15时，国务院联防联控机制召开新闻发布会。国家卫生健康委新闻发言人、宣传司副司长米锋表示，总体上，我国本轮疫情流行高峰已经过去，新增发病数在持续下降，疫情总体保持在较低水平。	米锋表示，昨天，世界卫生组织评估认为，此次疫情已具有大流行特征，并强调将本次疫情称为大流行，是为了再次呼吁成员国，为改变疫情走向投入更大的政治承诺和更多资源。疫情发生以来，中方举全国之力，采取最全面、最严格最彻底的防控举措，为国内及全球其他国家和地区做好疫情防控准备赢得了宝贵时间。当前全球疫情形势持续快速发展，对此中方密切关注，对各国防控工作压力感同身受。中方愿继续秉持公开、透明及对全球卫生安全和人民健康高度负责的态度，加强与世卫组织、有关国家和地区有效合作，为全球共同抗击疫情作出中国贡献。	米锋介绍，武汉新增确诊病例8例，已经降至个位数；湖北除武汉以外，所有地市已连续1周无新增确诊病例；湖北以外省份，新增确诊病例7例，其中6例为境外输入病例。以上信息提示，总体上，我国本轮疫情流行高峰已经过去，新增发病数在持续下降，疫情总体保持在较低水平。要把医疗救治工作摆在第一位，不麻痹、不厌战、不松劲，毫不放松抓紧各项防控工作。(责编：于子青、王政淇)
41,卫健委:3月11日新增确诊病例15例 湖北新增降至个位数,03月12日08:42,http://society.people.com.cn/n1/2020/0312/c1008-31628506.html,	人民网北京3月12日电  据国家卫健委网站消息，3月11日0―24时，31个省（自治区、直辖市）和新疆生产建设兵团报告新增确诊病例15例，新增死亡病例11例（湖北10例，陕西1例），新增疑似病例33例。	当日新增治愈出院病例1318例，解除医学观察的密切接触者2206人，重症病例减少235例。	截至3月11日24时，据31个省（自治区、直辖市）和新疆生产建设兵团报告，现有确诊病例14831例（其中重症病例4257例），累计治愈出院病例62793例，累计死亡病例3169例，累计报告确诊病例80793例，现有疑似病例253例。累计追踪到密切接触者677243人，尚在医学观察的密切接触者13701人。	湖北新增确诊病例8例（武汉8例），新增治愈出院病例1242例（武汉1053例），新增死亡病例10例（武汉7例），现有确诊病例14427例（武汉13462例），其中重症病例4180例（武汉4003例）。累计治愈出院病例50298例（武汉34094例），累计死亡病例3056例（武汉2430例），累计确诊病例67781例（武汉49986例）。新增疑似病例2例（武汉2例），现有疑似病例158例（武汉152例）。	3月11日0―24时，新增报告境外输入确诊病例6例（广东3例，甘肃2例，河南1例）。截至3月11日24时，累计报告境外输入确诊病例85例。	累计收到港澳台地区通报确诊病例187例：香港特别行政区129例（出院67例，死亡3例），澳门特别行政区10例（出院10例），台湾地区48例(出院17例，死亡1例)。(责编：岳弘彬)
42,国家卫健委：3月9日新增新冠肺炎确诊病例19例 新增治愈出院1297例,03月10日08:10,http://society.people.com.cn/n1/2020/0310/c1008-31624644.html,	人民网北京3月10日电 据国家卫健委网站消息，3月9日0―24时，31个省（自治区、直辖市）和新疆生产建设兵团报告新增确诊病例19例，新增死亡病例17例（湖北17例），新增疑似病例36例。	当日新增治愈出院病例1297例，解除医学观察的密切接触者4148人，重症病例减少317例。	截至3月9日24时，据31个省（自治区、直辖市）和新疆生产建设兵团报告，现有确诊病例17721例（其中重症病例4794例），累计治愈出院病例59897例，累计死亡病例3136例，累计报告确诊病例80754例，现有疑似病例349例。累计追踪到密切接触者675338人，尚在医学观察的密切接触者16982人。	湖北新增确诊病例17例（武汉17例），新增治愈出院病例1152例（武汉896例），新增死亡病例17例（武汉16例），现有确诊病例17151例（武汉15732例），其中重症病例4701例（武汉4471例）。累计治愈出院病例47585例（武汉31829例），累计死亡病例3024例（武汉2404例），累计确诊病例67760例（武汉49965例）。新增疑似病例13例（武汉12例），现有疑似病例246例（武汉230例）。	3月9日0―24时，新增报告境外输入确诊病例2例（北京1例，广东1例）。截至3月9日24时，累计报告境外输入确诊病例69例。	累计收到港澳台地区通报确诊病例170例：香港特别行政区115例（出院60例，死亡3例），澳门特别行政区10例（出院10例），台湾地区45例(出院15例，死亡1例)。(责编：岳弘彬、申亚欣)
43,全国已有53位城乡社区工作者在疫情防控中因公殉职,03月09日10:42,http://society.people.com.cn/n1/2020/0309/c1008-31623613.html,人民网北京3月9日电  （记者 邓志慧）今日上午10时，国务院联防联控机制举行新闻发布会，介绍民政领域疫情防控与民生保障有关情况。民政部基层政权建设和社区治理司司长陈越良会上介绍，截至3月8日，全国城乡社区工作者已有53位在疫情防控过程中因公殉职，其中党员占92.5%。	陈越良指出，城乡社区是疫情联防的第一线，也是外防输入、内防扩散最有效的管控单元。新冠肺炎疫情发生以来，广大城乡社区工作者贯彻落实党中央、国务院决策部署，坚守岗位、日夜值守，英勇奋战在疫情防控第一线，为遏制疫情扩散蔓延作出了重要贡献。	陈越良表示，习近平总书记多次强调，要关心关爱城乡社区工作者，李克强总理专门作出批示，为贯彻落实习近平总书记和李克强总理等领导同志批示精神，中央应对新冠肺炎疫情工作领导小组开会研究，聚焦疫情防控一线城乡社区工作者面临的实际困难和问题，从加强激励保障、安全保护、人文关怀等方面明确了基本要求，作出了“暖心”八条决定，重点解决以下五个方面的问题。	一是解决工作补助发放规定不明确问题。心系社区工作者辛劳，明确在疫情防控期间可对一线社区工作者适当发放工作补助，由省级人民政府指导市县制定补助标准。	二是解决劳动保护政策不足问题。城乡社区工作者在疫情防控期间发生事故伤害或患病，符合《工伤保险条例》认定情形的，应依法认定为工伤。已经参加工伤保险的，发生的相关费用按《工伤保险条例》相关规定支付。未参加工伤保险的，由用人单位按照法定标准支付，财政补助单位因此发生的费用，由同级财政予以补助。	三是解决防护条件不足问题。各地要按规定落实社区防控工作经费，改善一线城乡社区工作者防护条件，合理配备口罩、防护服、消毒水，非接触式体温计等卫生防护器材和防控器具。	四是坚决制止形式主义、官僚主义给基层增加负担问题。《通知》明确要求坚决制止多头重复向基层派任务、要表格，除党中央、国务院已有明确要求的之外，原则上不得向社区摊派工作任务。除社区疫情防控需要出具的居民居住证明和居家医学观察期满证明外，不得以疫情防控为由要求城乡社区组织出具其他证明。制止形式主义、官僚主义，需要群众监督、社会监督、舆论监督，有关媒体报道的武汉市青山区翠园社区开元公馆小区“假的”做法严重损害了党和政府的形象，应予以坚决纠正。	五是填补表彰褒扬政策空白。《通知》要求根据国家有关规定，对涌现出的城乡社区工作者先进典型进行及时表彰，对疫情防控期间因公殉职的城乡社区工作者追授“全国优秀城乡社区工作者”。同时，要求依法做好因疫情防控牺牲殉职城乡社区工作者的烈士评定和褒扬工作，全面做好抚恤优待。(责编：邓志慧、申亚欣)
44,国家卫健委：3月8日新增新冠肺炎确诊病例40例 新增治愈出院1535例,03月09日08:11,http://society.people.com.cn/n1/2020/0309/c1008-31622771.html,	人民网北京3月9日电 据国家卫健委网站消息，3月8日0―24时，31个省（自治区、直辖市）和新疆生产建设兵团报告新增确诊病例40例，新增死亡病例22例（湖北21例，广东1例），新增疑似病例60例。	当日新增治愈出院病例1535例，解除医学观察的密切接触者3802人，重症病例减少153例。	截至3月8日24时，据31个省（自治区、直辖市）和新疆生产建设兵团报告，现有确诊病例19016例（其中重症病例5111例），累计治愈出院病例58600例，累计死亡病例3119例，累计报告确诊病例80735例，现有疑似病例421例。累计追踪到密切接触者674760人，尚在医学观察的密切接触者20146人。	湖北新增确诊病例36例（武汉36例），新增治愈出院病例1422例（武汉1163例），新增死亡病例21例（武汉18例），现有确诊病例18303例（武汉16627例），其中重症病例4991例（武汉4735例）。累计治愈出院病例46433例（武汉30933例），累计死亡病例3007例（武汉2388例），累计确诊病例67743例（武汉49948例）。新增疑似病例28例（武汉28例），现有疑似病例277例（武汉253例）。	3月8日0―24时，新增报告境外输入确诊病例4例（甘肃4例）。截至3月8日24时，累计报告境外输入确诊病例67例。	累计收到港澳台地区通报确诊病例169例：香港特别行政区114例（出院59例，死亡3例），澳门特别行政区10例（出院10例），台湾地区45例(出院15例，死亡1例)。(责编：岳弘彬、申亚欣)
45,3月7日全国新增新冠肺炎确诊44例 新增治愈出院1661例,03月08日08:32,http://society.people.com.cn/n1/2020/0308/c1008-31621914.html,	人民网北京3月8日电 据国家卫生健康委员会官方网站消息，3月7日0―24时，31个省（自治区、直辖市）和新疆生产建设兵团报告新增确诊病例44例，新增死亡病例27例（湖北27例），新增疑似病例84例。	当日新增治愈出院病例1661例，解除医学观察的密切接触者4021人，重症病例减少225例。	截至3月7日24时，据31个省（自治区、直辖市）和新疆生产建设兵团报告，现有确诊病例20533例（其中重症病例5264例），累计治愈出院病例57065例，累计死亡病例3097例，累计报告确诊病例80695例，现有疑似病例458例。累计追踪到密切接触者674038人，尚在医学观察的密切接触者23074人。	湖北新增确诊病例41例（武汉41例），新增治愈出院病例1543例（武汉1259例），新增死亡病例27例（武汉21例），现有确诊病例19710例（武汉17772例），其中重症病例5140例（武汉4850例）。累计治愈出院病例45011例（武汉29770例），累计死亡病例2986例（武汉2370例），累计确诊病例67707例（武汉49912例）。新增疑似病例42例（武汉42例），现有疑似病例295例（武汉258例）。	3月7日0―24时，新增报告境外输入确诊病例3例（北京2例，甘肃1例）。截至3月7日24时，累计报告境外输入确诊病例63例。	累计收到港澳台地区通报确诊病例164例：香港特别行政区109例（出院55例，死亡2例），澳门特别行政区10例（出院10例），台湾地区45例(出院13例，死亡1例)。(责编：杨光宇、曹昆)
46,国家卫健委:3月6日新增新冠肺炎确诊病例99例 新增治愈出院1678例,03月07日08:23,http://society.people.com.cn/n1/2020/0307/c1008-31621231.html,	人民网北京3月7日电  据国家卫健委网站消息，3月6日0―24时，31个省（自治区、直辖市）和新疆生产建设兵团报告新增确诊病例99例，新增死亡病例28例（湖北28例），新增疑似病例99例。	当日新增治愈出院病例1678例，解除医学观察的密切接触者4773人，重症病例减少248例。	截至3月6日24时，据31个省（自治区、直辖市）和新疆生产建设兵团报告，现有确诊病例22177例（其中重症病例5489例），累计治愈出院病例55404例，累计死亡病例3070例，累计报告确诊病例80651例，现有疑似病例502例。累计追踪到密切接触者672458人，尚在医学观察的密切接触者26730人。	湖北新增确诊病例74例（武汉74例），新增治愈出院病例1502例（武汉1157例），新增死亡病例28例（武汉21例），现有确诊病例21239例（武汉19011例），其中重症病例5359例（武汉5028例）。累计治愈出院病例43468例（武汉28511例），累计死亡病例2959例（武汉2349例），累计确诊病例67666例（武汉49871例）。新增疑似病例47例（武汉46例），现有疑似病例301例（武汉256例）。	3月6日0―24时，新增报告境外输入确诊病例24例（甘肃17例，北京3例，上海3例，广东1例）。截至3月6日24时，累计报告境外输入确诊病例60例。	累计收到港澳台地区通报确诊病例162例：香港特别行政区107例（出院51例，死亡2例），澳门特别行政区10例（出院10例），台湾地区45例(出院12例，死亡1例)。(责编：岳弘彬)
47,国家卫健委：3月5日新增新冠肺炎确诊病例143例 新增治愈出院1681例,03月06日09:33,http://society.people.com.cn/n1/2020/0306/c1008-31620268.html,"	人民网北京3月6日电  据国家卫健委网站消息，3月5日0―24时，31个省（自治区、直辖市）和新疆生产建设兵团报告新增确诊病例143例，新增死亡病例30例（湖北29例,海南1例），新增疑似病例102例。	当日新增治愈出院病例1681例，解除医学观察的密切接触者5457人，重症病例减少215例。	截至3月5日24时，据31个省（自治区、直辖市）和新疆生产建设兵团报告，现有确诊病例23784例（其中重症病例5737例），累计治愈出院病例53726例，累计死亡病例3042例，累计报告确诊病例80552例，现有疑似病例482例。累计追踪到密切接触者670854人，尚在医学观察的密切接触者29896人。	湖北新增确诊病例126例（武汉126例），新增治愈出院病例1487例（武汉1038例），新增死亡病例29例（武汉23例），现有确诊病例22695例（武汉20115例），其中重症病例5588例（武汉5208例）。累计治愈出院病例41966例（武汉27354例），累计死亡病例2931例（武汉2328例），累计确诊病例67592例（武汉49797例）。新增疑似病例43例（武汉42例），现有疑似病例285例（武汉232例）。	3月5日0―24时，新增报告境外输入确诊病例16例（甘肃11例，北京4例，上海1例）。截至3月5日24时，累计报告境外输入确诊病例36例。	累计收到港澳台地区通报确诊病例158例：香港特别行政区104例（出院46例，死亡2例），澳门特别行政区10例（出院9例），台湾地区44例(出院12例，死亡1例)。(责编：岳弘彬)"
48,办公工位密集，测体温不记录 部分楼宇办公场所疫情防控不到位,03月06日09:15,http://society.people.com.cn/n1/2020/0306/c1008-31620212.html,原标题：部分楼宇办公场所疫情防控不到位	　　本报讯 昨天，在北京市新型冠状病毒肺炎疫情防控工作新闻发布会上，市疾控中心副主任医师孙鑫贵介绍，近期对楼宇办公场所复工复产疫情防控措施落实情况进行督导，发现部分楼宇办公场所疫情防控措施落实不到位，存在办公工位密集，测体温不记录，中午时分大楼外送餐人员扎堆儿等情况。	　　近期，市疾控中心会同市卫生健康监督所组建了督导组，重点对楼宇办公场所返京人员管理、健康监测、通风换气、消毒，以及健康教育等情况进行检查。截至3月3日，共排查45座楼宇中的61家单位。督导组发现，写字楼经营管理者落实疫情防控主体责任有待加强，表现在管理者未对楼内各单位统筹管理，导致各有关单位落实疫情防控措施松紧不一。有的单位疫情防控宣传存在不足。有的单位对员工健康状况监测重视不够，对员工体温测量未做记录，体温测量工具配备不足，难以在单位层面落实“早发现”的措施。督导组还发现，部分单位办公场所工位比较密集，工位间距较小，桌面无挡板或挡板过低，存在人员密集办公的风险。室内空气流通状况存在问题。不提供餐饮服务的写字楼，中午存在大量送餐人员在楼外聚集的情况；提供餐饮服务的写字楼，厨房工作人员存在佩戴口罩不规范和聚集的情况。	　　督导组建议楼宇经营管理者要落实主体责任，做实做细各项防控措施。协调楼宇内单位错时或灵活上下班，楼内工作人员数量较非疫情期间减少50%。集中管理楼宇内各单位在岗人员健康监测信息。在建筑物公共区域醒目位置张贴健康提示，加强复工复产后疫情防治知识科普宣传。做好出入口人员登记管理、体温检测和登记工作；对非本单位人员进行体温检测，并询问来源地等情况，符合要求方可进入；指纹考勤机应暂停使用。加强员工健康监测，及时甄别员工发热、干咳等身体异常状况，并安排从快就诊。各单位要合理调整办公工位布局，办公场所应划分为若干独立区域并保持适当距离，办公桌最好设置挡板，每个人之间的间距不小于1米。也可采取AB角轮班、“三班两倒一休”等办公形式，减少人员聚集。保持工作场所通风换气，做好公共场所清洁消毒，加强员工集体用餐和厨房卫生管理，统筹各单位就餐时间，实行错峰就餐，用餐时应避免面对面就坐，缩短用餐时间。（记者 贾晓宏）(责编：温璐、孝金波)
49,全国海关共检出75例核酸阳性病例,03月05日09:38,http://society.people.com.cn/n1/2020/0305/c1008-31618308.html,原标题：全国海关共检出75例核酸阳性病例	　　昨天，海关总署宣布，3月3日，全国海关共发现入境有症状旅客227例，疑似病例63例，海关采样检测和排查转运地方检出核酸阳性病例5例，其中上海4例、北京1例。截至3月4日零时，全国海关共发现入境有症状旅客6728人，其中疑似病例779例，检出新型冠状病毒核酸检测阳性病例75例，所有病例均按联防联控机制工作要求妥善移交或者通报相关卫生健康部门处置。	　　近日，世界卫生组织已将新冠肺炎全球风险级别调为最高级别“非常高”，随着境外新冠肺炎新增病例数持续多日超过境内，疫情输入风险持续加大。在首都机场，入境旅客下了飞机通过廊桥后，就会经过海关红外测温系统，系统可在无任何接触的情况下监测旅客体温。“在通道现场我们可以收集每一位出入境旅客的健康申明卡，能够对每一位旅客进行体温监测，能够对每一位有症状的人员开展流行病学调查和医学排查，对每一个病例能够及时、快速地转运到地方指定的医院做进一步诊疗。”首都机场海关副关长段凯表示。	　　据了解，疫情发生以来，海关全面启动健康申报制度，对所有出入境人员严格实施检疫措施，发现有症状的旅客，或者是来自疫情比较严重的国家或地区，或者是接触过确诊病例、疑似病例的人员，严格实施流行病学排查、医学排查以及实验室检测进行排查。	　　针对疫情输入性风险的加大，海关将密切跟踪研判境外疫情发展，及时调整检疫查验的重点国家和地区，对来自疫情严重国家或地区的交通工具全部实施登临检疫，严格实施入境交通工具的消毒，切断传播途径。同时在口岸严格对埃博拉、拉沙热等重大传染病的入境检疫，防止造成疫情叠加。（记者 袁璐）(责编：温璐、孝金波)
50,新冠肺炎第七版诊疗方案公布 病例确诊增加血清学检测,03月05日09:37,http://society.people.com.cn/n1/2020/0305/c1008-31618305.html,原标题：病例确诊增加血清学检测	　　昨天，国务院联防联控机制新闻发布会上，国家卫健委相关负责人公布《新型冠状病毒肺炎诊疗方案（试行第七版）》，强调病原学检测中检测下呼吸道标本更加准确。新版方案中明确，确诊病例增加血清学检测，出院患者应继续隔离14天。	　　国家卫生健康委新闻发言人米锋介绍，这次修订诊疗方案，增加了病理改变内容，对临床表现、诊断标准、治疗方法和出院标准等也进行了增补和调整，有利于根据不同人群的疾病特点，更加精准的开展诊疗和救治。	　　新版诊疗方案中，增加“由于在粪便及尿中可分离到新型冠状病毒，应注意粪便及尿对环境污染造成气溶胶或接触传播。”	　　临床表现方面，首次增加对孕产妇和儿童的临床表现描述。例如，“孕产妇临床过程与同龄患者接近。”“部分儿童及新生儿病例症状可不典型，表现为呕吐、腹泻等消化道症状或仅表现为精神弱、呼吸急促。”在治疗措施中，增加“儿童重型、危重型病例可酌情考虑使用静脉滴注丙种球蛋白。妊娠合并重型或危重型患者应积极终止妊娠，剖腹产为首选。”	　　病原学检测方面，方案删除了“为提高核酸检测阳性率，建议尽可能留取痰液，实施气管插管患者采集下呼吸道分泌物”；增加了“采用RT-PCR或/和NGS方法”进行核酸检测，同时强调“检测下呼吸道标本（痰或气道抽取物）更加准确。”	　　诊断标准中，方案将临床表现中的“淋巴细胞计数减少”修改为“淋巴细胞计数正常或减少”。确诊病例在原有核酸检测和测序基础上增加“血清学检测”作为依据，即“新型冠状病毒特异性IgM抗体和IgG阳性”或“新型冠状病毒特异性IgG抗体由阴性转为阳性或恢复期较急性期4倍及以上升高”也可确诊。	　　新方案中，现有临床分型仍分为“轻型、普通型、重型和危重型”，其中重型按照“成人”和“儿童”分别定义。按照成人和儿童还分别增加“重型、危重型临床预警指标”。	　　新方案在患者出院后注意事项中规定：鉴于有少数出院患者出现核酸检测复检阳性的问题，为加强对出院患者的健康管理和隔离，出院患者“应继续进行14天的隔离管理和健康状况监测”，同时要求佩戴口罩，有条件的居住在通风良好的单人房间，减少与家人的近距离密切接触，分餐饮食，做好手卫生，避免外出活动。（记者 刘欢）(责编：温璐、孝金波)
51,国家卫健委：3月4日新增确诊病例139例 累计治愈出院病例52045例,03月05日08:24,http://society.people.com.cn/n1/2020/0305/c1008-31617838.html,	人民网北京3月5日电 据国家卫生健康委员会官方网站消息，3月4日0―24时，31个省（自治区、直辖市）和新疆生产建设兵团报告新增确诊病例139例，新增死亡病例31例（湖北31例），新增疑似病例143例。	当日新增治愈出院病例2189例，解除医学观察的密切接触者6584人，重症病例减少464例。	截至3月4日24时，据31个省（自治区、直辖市）和新疆生产建设兵团报告，现有确诊病例25352例（其中重症病例5952例），累计治愈出院病例52045例，累计死亡病例3012例，累计报告确诊病例80409例，现有疑似病例522例。累计追踪到密切接触者669025人，尚在医学观察的密切接触者32870人。	湖北新增确诊病例134例（武汉131例），新增治愈出院病例1923例（武汉1426例），新增死亡病例31例（武汉23例），现有确诊病例24085例（武汉21050例），其中重症病例5788例（武汉5342例）。累计治愈出院病例40479例（武汉26316例），累计死亡病例2902例（武汉2305例），累计确诊病例67466例（武汉49671例）。新增疑似病例67例（武汉61例），现有疑似病例315例（武汉247例）。	3月4日0―24时，新增报告境外输入确诊病例2例（浙江2例）。截至3月4日24时，累计报告境外输入确诊病例20例。	累计收到港澳台地区通报确诊病例156例：香港特别行政区104例（出院43例，死亡2例），澳门特别行政区10例（出院9例），台湾地区42例(出院12例，死亡1例)。(责编：马昌、岳弘彬)
52,国家卫健委：3月3日新增确诊病例119例 累计治愈出院病例49856例,03月04日09:47,http://society.people.com.cn/n1/2020/0304/c1008-31616501.html,	人民网北京3月4日电 据国家卫生健康委员会官方网站消息，3月3日0―24时，31个省（自治区、直辖市）和新疆生产建设兵团报告新增确诊病例119例，新增死亡病例38例（湖北37例，内蒙古1例），新增疑似病例143例。	当日新增治愈出院病例2652例，解除医学观察的密切接触者6250人，重症病例减少390例。	截至3月3日24时，据31个省（自治区、直辖市）和新疆生产建设兵团报告，现有确诊病例27433例（其中重症病例6416例），累计治愈出院病例49856例，累计死亡病例2981例，累计报告确诊病例80270例，现有疑似病例520例。累计追踪到密切接触者666397人，尚在医学观察的密切接触者36432人。	湖北新增确诊病例115例（武汉114例），新增治愈出院病例2389例（武汉1859例），新增死亡病例37例（武汉31例），现有确诊病例25905例（武汉22368例），其中重症病例6232例（武汉5723例）。累计治愈出院病例38556例（武汉24890例），累计死亡病例2871例（武汉2282例），累计确诊病例67332例（武汉49540例）。新增疑似病例52例（武汉43例），现有疑似病例340例（武汉234例）。	累计收到港澳台地区通报确诊病例152例：香港特别行政区100例（出院37例，死亡2例），澳门特别行政区10例（出院9例），台湾地区42例(出院12例，死亡1例)。(责编：马昌、岳弘彬)
53,社会各界通过湖北省慈善总会赠资金合计53.82亿元,03月03日09:29,http://society.people.com.cn/n1/2020/0303/c1008-31614350.html,原标题：社会各界通过湖北省慈善总会赠资金合计53.82亿元	　　社会各界通过省慈善总会赠资金合计53.82亿元	　　湖北日报讯 (记者杨麟、通讯员陈思)截至3月1日12时，省慈善总会累计接收疫情防控捐赠资金合计538212.01万元，其中定向捐赠资金136598.09万元，非定向捐赠资金401613.92万元。	　　截至3月1日12时，省慈善总会已拨付疫情防控捐赠资金合计522389.69万元，占97.06%；其中定向捐赠资金132832.41万元，占97.24%，非定向捐赠资金389557.28万元，占97.00%。	　　2月29日12时至3月1日12时，省慈善总会接收疫情防控捐赠资金合计1234.53万元；其中，中华慈善总会捐赠900万元，中国华侨公益基金会捐赠235.75万元，按照捐赠人意愿，省慈善总会已拨付疫情防控定向捐赠资金1070.85万元。	　　截至3月1日12时，省慈善总会接收并转赠发放疫情防控捐赠物资合计2542.58万件。其中，2月29日12时至3月1日12时转赠发放捐赠物资44.74万件。(责编：温璐、孝金波)
54,首个质疑核酸检测可靠性医生：人命关天定要站出来,03月03日09:28,http://society.people.com.cn/n1/2020/0303/c1008-31614348.html,原标题：首个质疑核酸检测可靠性医生：人命关天定要站出来	　　曾呼吁将CT影像作为诊断新冠肺炎另一主要筛查手段	　　张笑春：人命关天 一定要站出来说一说	　　武汉大学中南医院影像科大夫张笑春一度站在风口浪尖。临床大夫中，大概是她最早公开提出：“别再迷信核酸检测，强烈推荐CT影像作为诊断新冠肺炎的主要依据。”	　　尽管在她提出这个观点的两天后，《新型冠状病毒感染的肺炎的诊疗方案(试行第五版)》(以下简称“诊疗方案第五版”)进行了调整，要求在湖北省内增加“临床诊断病例”分类――即具有肺炎影像学特征的疑似病例，但也就是在那两天中，这个原本专业的话题在网络上吵翻了天。	　　很多人评价说，她敢讲真话。她说，人命关天，我们医者为什么不站出来。	　　作为医者，“一定要站出来说一说”	　　2月3日下午3点左右，下班后的张笑春打开手机看到了“各种各样的未接电话，还有微信语音通话、视频通话”。这天上午9点，她发了一条朋友圈，呼吁在核酸检测外，将CT影像检查作为新冠肺炎的另一主要筛查手段，呼吁停止家中留观的居家隔离方式，建立隔离点。	　　“当时不知道这个内容刷屏了。”张笑春说，发这条朋友圈的“初衷是想让那批得不到救治的患者成功入院治疗。”	　　这批卡在核酸检测结果上的患者有上万人。诊疗方案第五版正式实施后，仅2月12日一天，湖北就增加了临床诊断病例13332例。“这些临床诊断病例实际上就是之前的存量患者。”张笑春说。	　　在张笑春发出呼吁之前，核酸检测结果阳性是唯一的住院指标。“很多患者向我们求助，但我们无能为力，医务人员没有权力收住院，定点医院的床位也由防控指挥部统一调度。”	　　在收到“应收尽收、应治尽治”的总要求之前，武汉市的定点医院床位紧张，“对于已经确诊的病例可能都不能完全满足”。	　　从1月14日起，这位影像科副主任就一直住在办公室里。疫情暴发后，她所在的武汉大学中南医院先后接管了武汉市第七医院、武汉客厅方舱医院、武汉雷神山医院，共5400余张床位。除方舱医院外，其他3家负责收治重症及危重症患者。	　　张笑春记得那段时间“自己都怀着凄凉的心情”，有的患者肺部病变很重，没等到确诊就去世了。“人命关天”成为她一定要发声的原因，即使在发布朋友圈后不少同事担心她“会不会影响到单位，影响到个人”。但她说，“医生应该干什么？就是治病救人，那时候的当务之急是救命，可以按最坏打算隔离治疗，先收治，再慢慢查病原体。”	　　实际上，张笑春在2019年12月27日就发现了此类病患肺部病变的迹象，当时同科室的同事喊她看一张片子，“我脱口而出，这不是非典吗！”但由于其他病原体也会导致肺部发生类似的改变，张笑春和同事没往传染性疾病的方向想。到12月31日，全院召开紧急应对会时，张笑春想到了这名患者，之后该患者被确诊新冠肺炎。	　　张笑春说，当时不少医务人员都有警觉，都认为存在人传人可能。经过比对更多患者的CT影像与核酸检测结果，张笑春确认，核酸检测存在大量“假阴性”。她知道，作为医者，“一定要站出来说一说”。	　　救了患者的命，比什么都重要	　　临床诊断标准实施后，张笑春又在媒体上呼吁移动CT或方舱CT尽快进入武汉，以缓解医院CT设备不足的压力。	　　“每提出一个建议，又会面临新的问题，我们立马就要想其他的解决方法。”张笑春说，考虑到大量患者做CT可能出现交叉感染的问题，他们就想办法在移动CT设备内放置消毒机，最快消毒速度达到0.69秒。	　　截至目前，张笑春和30多名影像科同事已累计看了近10万张片子。	　　2月19日，第六版诊疗方案取消了湖北省内的“临床诊断病例”分类。消息一出，张笑春又接到不少电话，“问我建议是不是白提了，是不是回到了原点”。在细看新版方案内容、给出答复后，张笑春又给自己找了新的活儿，解读两版指南，分析CT影像在疫情发展不同时期的相应任务。	　　面对眼下全国累计确诊的8万余病例，CT影像要进行肺部损害的分期评估。“判断患者是轻症还是重症，是否可以出院，是否可以解除隔离。”张笑春说，即使疫情控制住了，还要对患者做一段时间的CT跟踪随访，“根据病人的病情进展，判断采取哪种治疗措施，这同样是救命的作用”。	　　有过担心害怕，但不慌乱	　　这些天的战“疫”情景，常让张笑春想起17年前的非典时期，影像科的年轻医护人员在一线“就像我们当年在非典一线一样，但他们好像更成熟，没那么恐慌”。	　　守在影像科近两个月，张笑春每天只能休息几个小时，前些天她甚至要吸氧才能继续坚持。在结束了白天的工作后，她还要在夜里整理当天的患者影像数据。一切工作在张笑春这里都在急速进行。只有在谈到父母时，沙哑着快速说话的张笑春才会停下来，长叹一口气。她的父母也感染了，但两人分别做了5次核酸检测，结果均为阴性，“我一看母亲的片子，心里就一阵难受，觉得确实是”。	　　直到现在，她父母的症状都没有得到缓解，“这个病是自愈性的，患者要有积极的求生信念。我就劝他们要乐观，没有食欲也要吃东西。”张笑春说。	　　从医20多年，张笑春曾为有患者得不到及时救治气愤、悲伤，也在深夜加建病床时感叹“医务人员太忙了”，无论是呼吁、提建议，还是想办法，她反复说的只有，“医者救人救命”。（朱彩云）(责编：温璐、孝金波)
55,湖北首批稳岗返还5.53亿元 惠及企业10.35万家,03月02日08:46,http://society.people.com.cn/n1/2020/0302/c1008-31612223.html,原标题：湖北首批稳岗返还5.53亿元 惠及企业10.35万家	　　湖北日报讯 2月29日从省人社厅获悉，为应对疫情冲击，我省积极实施稳岗返还，帮助企业纾解困难，稳定就业岗位。	　　针对疫情影响，我省分两个阶段实施稳岗返还，2月底前面向全省500人以下企业，3月底前面向全省500人以上企业、外贸企业和困难企业。	　　根据实际情况，我省明确规定“企业裁员(减员)率不高于5.5%的，对企业返还上年度实际缴纳失业保险费的70%”“对参保职工500人(含)以下的企业，可直接按上年度实际缴纳失业保险费的50%予以返还”。随着减员率条件的放宽，全省享受稳岗返还政策的企业数量相比去年大幅增加。以武汉市为例，该市去年共返还500人以下企业4115家，惠及职工30.61万人，返还金额1.09亿元，今年首批500人以下返还企业达到59815家，惠及职工97.01万人，返还金额2.67亿元。	　　为使资金尽快拨付到企业，我省对500人(含)以下的企业取消申报等环节，由人社部门报地方政府批准后，直接将资金返还到企业。与此同时，各级失业保险经办机构推行稳岗返还网上办理，全程“不见面”服务。	　　据省人社厅统计，截至目前，我省首批稳岗返还已审核企业10.35万家，涉及职工233.71万人，返还金额5.53亿元。（邓伟）(责编：温璐、邓志慧)
56,湖北省新冠肺炎患者中医药使用率约九成,03月02日08:45,http://society.people.com.cn/n1/2020/0302/c1008-31612216.html,原标题：湖北省新冠肺炎患者中医药使用率约九成	　　	　　在与瘟疫的斗争中，中医药学形成了自身独特的理论和方法。2003年抗击非典，中西医结合的治疗方式被世界卫生组织评价为“安全有效的途径”。面对如今的新冠肺炎疫情，中西医结合治疗的独特优势也在不断显现。即日起，本报开设“抗疫中的中医药作为”栏目，记录这场战“疫”中的中医药实践和宝贵经验。	　　湖北日报讯 (记者龙华)记者昨从省卫健委获悉，全省定点救治医院确诊新冠肺炎患者中医药使用率约九成。	　　截至2月28日24时，全省累计确诊病例中医药使用率为88.93%，其中，武汉市49所定点医院在院确诊病例中医药使用率为94.74%。全省43家定点中医医院累计收治确诊病例7246人，中医药使用率为97.71%，患者发烧、乏力、咳嗽等症状和影像学明显改善。16家方舱医院累计收治病例11740人，中药使用率99.93%，基本做到中药愿服尽服。据张伯礼、黄璐琦、仝小林等3位院士领导的团队在汉临床研究初步结果表明，中西医结合总体疗效明显优于单纯西药治疗。	　　目前，国家中医药管理局组织全国中医药系统向我省派出医疗队员3350人，组建了5支国家中医医疗队，739名医务人员驰援武汉。在3名院士、多位院长专家的指导下，中医医疗队进驻武汉市金银潭医院、湖北省中西医结合医院、雷神山医院等机构救治患者，同时在江夏区整建制托管江夏大花山方舱医院，收治患者416人，开展中医药特色救治。	　　我省先后印发《湖北省新型冠状病毒感染的肺炎中医药防治方案(试行)》《关于加强新型冠状病毒肺炎中西医结合的通知》《新冠肺炎中医药防治指引》，为各地各机构使用中医药防治提供了技术指南。全省建立通报问责制度，明确刚性要求，推动中医药全面深度融入疫情防控大局。	　　省卫健委介绍，中医药有序参与分级分类防治的格局正在形成。在社区防控中，面向集中隔离观察点隔离人员和有需求的居家密切接触者，发放由我省专家研制完成的肺炎预防1号方、2号方中药配方颗粒和汤剂，累计发放中药汤剂近32.1万人份，发放中成药24.8万人份，隔离人员基本做到中药应服尽服。在方舱医院，建立中医定期巡诊会诊机制，16家方舱医院同步配送中药汤剂和金花清感胶囊等4种中成药，累计配送中药汤剂181149袋，确保患者及时吃得上中药。强化定点医疗机构中医药使用，印发了《关于进一步做好新型冠状病毒肺炎中西医结合防治工作的通知》，明确各地健全中西医协作机制的举措，专项督办14家定点医疗机构中医药全程深度参与。(责编：温璐、邓志慧)
57,武汉加大养老机构防控力度 养老机构实行全封闭管理,03月02日08:45,http://society.people.com.cn/n1/2020/0302/c1008-31612203.html,原标题：武汉加大养老机构防控力度 养老机构实行全封闭管理	　　武汉市社会福利院实行封闭管理。	　　文/图 湖北日报全媒记者 黄磊 王哲	　　“老吾老以及人之老。”养老机构人员集中，是疫情防控的重要特殊场所。3月1日，湖北日报全媒记者走访武汉多家养老机构看到，目前武汉市对所有养老机构一律实施最严格的封闭管理，并落实核酸检测全覆盖，确保老人健康安全。	　　养老机构实行全封闭管理	　　3月1日下午2时5分，记者来到位于粮道街的武昌区社会福利院，只见大门被围栏封闭。在门口处搭建有白色帐篷，两名下沉社区党员在此值守。一名值守人员告诉记者，现在福利院已全封闭管理，福利院工作人员和老人均不能离开，所有物资由政府统一调配。	　　下午2时38分，记者来到江汉区社会福利院。该院门口，由一排黄色围栏组成警戒线。值守的下沉党员介绍，该福利院同样采取全封闭管理，已有外地医疗队伍入住福利院。一名保安介绍，他们现在采用每12小时一班，24小时轮班值守，严格管理人员进出。记者看到，岗亭上张贴着两张《紧急通知》。其中，1月21日发布的《紧急通知》称，福利院暂停入院咨询、老人亲友探视、接老人回家吃团年饭等；2月16日的《紧急通知》上则写着：院内暂停理发工作，服务员送餐至老人住处门口。	　　下午2时55分，在武汉市社会福利院门口两侧，记者看到有两顶蓝色民政救灾帐篷，保安、下沉社区党员等4人在门口值守。帐篷上挂有出入口管控责任人公示牌，包括院长、社区书记、网格员、民警、值守人员电话都在上面公示。下午3时1分，一老人家属拿着药品来到福利院门前，说明了老人所在楼层和床位号后，值守人员接过药品用消毒液消毒。该家属称，此次送的是母亲急需的治疗甲状腺的药物。“今年年前福利院就已通知，不能接老人回家，目前老人身体状态良好。”正说话间，一支由4人组成的疾控专家指导小组，来到福利院门前，在做了相关登记以及测温后进入福利院。	　　养老机构核酸检测全市铺开	　　“甘伯伯，您体温正常，血压也还好。近段时间您老不要出门了，记得勤洗手、常通风。”2月29日上午，黄陂区罗汉卫生院医生和老来乐敬老院的保健医生，为80多岁的甘万福老人检查身体后叮嘱。	　　据了解，黄陂区共有敬老院33所，入住人数1355人。其中，老来乐公寓入住老人500多人。新冠肺炎疫情暴发后，黄陂区卫生健康系统和区民政部门联合，对全区养老机构疫情防控实现服务全覆盖，全区养老服务机构实施封闭管理，还为每位老人建立健康台账。截至3月1日，1355名老人全部完成核酸检测，仅一人为疑似病例。	　　2月29日晚，新洲区双柳福利院院长陈菊英终于睡了一个安稳觉。当日，该院全员核酸检测报告出炉，47名老人和9名医护人员，核酸检测全部阴性。	　　陈菊英说，她于1月23日早晨看到武汉暂停对外交通后，马上在院门口张贴《拒绝来访》公告。此后，院内所有老人不准出去，老人亲属不让进来。有亲属来福利院接父母回去吃团年饭，无论家属说什么，怎么埋怨，陈菊英都不开门。为做好防护工作，福利院员工工作量大幅增加：之前是两个老人住一间宿舍，疫情发生后改为每人一间房；每天早晚，工作人员给全院所有人测量两次体温；为减少人员接触，老人喝的开水、洗的热水和一日三餐都送到每个老人的房间。“家属们看到我院零疫情，算是我对他们最好的交代吧。”陈菊英说。	　　2月27日上午，武汉开发区公布对全区8家养老机构所有入住老人核酸试剂检测结果：近日共采样咽拭子383份，其中养老机构工作人员86份。检测结果均为阴性。这意味着，该区8家养老机构目前在院的297名老人至今零感染。	　　截至目前，武汉全市所有养老机构2.3万老人和4000多员工已实行全员核酸检测，所有确诊患者一律入院治疗。	　　民政部印发《养老机构防控指南》	　　据了解，民政部日前已印发《新冠肺炎疫情高风险地区及被感染养老机构防控指南》(下称《指南》)。《指南》要求，湖北武汉等疫情高风险地区以及非高风险地区但已出现感染病例的养老机构，应严格执行老年人和工作人员只出不进制度，因特殊原因需返院和新入住的老年人、返岗和新招聘的工作人员，应经14天隔离观察并核酸检测正常后才能进入。	　　《指南》指出，上述养老机构工作人员应在养老机构内居住或安排在集中独立场所居住，尽量安排分散居住在不同房间，出现疑似症状者立即送指定机构就诊；要严格实行区域化通道的封层管理模式，严格做好隔离区域的出入防护工作；老年人饮食统一由养老机构食堂供应，禁止快递、外卖、送药人员进入；安排专人在机构外物资接收区内接收家属送来的老年人生活必需品或订购物品。（黄磊 王哲）(责编：温璐、邓志慧)
58,严而又严、实而又实、细而又细 强化特殊场所重点人群防控救治,03月02日08:41,http://society.people.com.cn/n1/2020/0302/c1008-31612159.html,原标题：严而又严、实而又实、细而又细 强化特殊场所重点人群防控救治	　　湖北日报讯 继召开专题会研究部署、实地检查监所和养老机构疫情防控工作后，3月1日下午，省委书记、省新冠肺炎疫情防控指挥部指挥长应勇再次深入武汉市的养老院、儿童福利院、精神卫生中心等特殊场所检查督导疫情防控工作。应勇强调，要深入贯彻落实习近平总书记关于疫情防控的重要讲话和重要指示批示精神，始终把人民群众生命安全和身体健康放在第一位，坚决压实属地责任、主体责任、主管责任，采取更加坚决、果断、有力措施，严而又严、实而又实、细而又细，强化特殊场所重点人群防控救治，坚决遏制疫情扩散蔓延。	　　应勇首先来到武汉市儿童福利院，检查疫情防控、运行管理情况。“孩子们都还好吗？员工和家人是否健康？生活物资缺不缺？”隔着栅栏门，应勇向福利院负责人详细了解院内防控工作，并通过视频连线察看儿童生活情况。疫情发生以来，福利院实行封闭式管理，所有人员不出不进、严防死守，目前儿童无一感染。应勇对大家的辛勤付出表示感谢，叮嘱继续做好安全防护、关注儿童心理健康。同时要求相关部门加强食品、药品等生活必需品供应和就医需求保障，确保孩子们平安健康成长。	　　汉阳区社会福利院入住老人500余人，目前确诊的14名老人和工作人员均已送医救治。“院内老人情况如何？密接者隔离了吗？流调工作做了没有？还有哪些困难？”应勇一一询问，要求院方切实履行主体责任，认真细致抓好各项防控措施的落实落地，帮助老人们安度疫情。武汉颐德养老院是一家民办公助性质的养老机构，目前在院的70多位老人“零感染”。“做好疫情防控，既是对老人负责，也是对企业负责、对社会负责。”应勇强调，无论何种性质的养老机构，都要扛起主体责任，看好自己的门、管好自己的人、做好自己的事，确保老人们生活安康。	　　武汉市精神卫生中心是我省最大的三甲精神专科医院。应勇来到该中心二七院区，察看疫情防控、医疗救治情况。“首例确诊病例什么时候发现的？最后一例又是什么时候？隔离房间够不够？医护力量是否充足？”应勇问得十分详细。针对该中心防控救治中的薄弱环节，应勇当场指出问题，要求辖区、院方和主管部门务必落实属地责任、主体责任、主管责任，立即采取果断措施，尽快遏制疫情。	　　应勇强调，养老、救助、儿童福利、精神卫生医疗等特殊场所是当前我省疫情防控的重点方向，老人、儿童和精神疾病患者是需要各级党委和政府给予特殊关照的重点人群。要始终坚持以人民为中心的思想，进一步增强必胜之心、责任之心、仁爱之心、谨慎之心，压紧压实各方责任，把特殊场所防控措施抓实抓细抓落地。要实行封闭式管理，严防死守。对内部所有人员进行核酸检测，一旦发现确诊和疑似病例立即送医救治，其他人员做好隔离防护，及时开展流调，全面进行环境消杀，全力切断传染源、阻断传播途径。要在全面梳理的基础上，对特殊场所分类管理、精准施策，做到关口前移，并有针对性地加强医疗救治、隔离观察、日常防护、生活保障等资源力量配置。	　　省领导王忠林、万勇参加检查。（记者李保林、周呈思）(责编：温璐、邓志慧)
59,国家卫健委:3月1日新增新冠肺炎确诊病例202例,03月02日08:19,http://society.people.com.cn/n1/2020/0302/c1008-31611929.html,	人民网北京3月2日电  据国家卫健委网站消息，3月1日0―24时，31个省（自治区、直辖市）和新疆生产建设兵团报告新增确诊病例202例，新增死亡病例42例（湖北42例），新增疑似病例141例。	当日新增治愈出院病例2837例，解除医学观察的密切接触者8154人，重症病例减少255例。	截至3月1日24时，据31个省（自治区、直辖市）和新疆生产建设兵团报告，现有确诊病例32652例（其中重症病例7110例），累计治愈出院病例44462例，累计死亡病例2912例，累计报告确诊病例80026例，现有疑似病例715例。累计追踪到密切接触者663240人，尚在医学观察的密切接触者46219人。	湖北新增确诊病例196例（武汉193例），新增治愈出院病例2570例（武汉1958例），新增死亡病例42例（武汉32例），现有确诊病例30543例（武汉25903例），其中重症病例6872例（武汉6225例）。累计治愈出院病例33757例（武汉21185例），累计死亡病例2803例（武汉2227例），累计确诊病例67103例（武汉49315例）。新增疑似病例80例（武汉70例），现有疑似病例527例（武汉340例）。	累计收到港澳台地区通报确诊病例148例：香港特别行政区98例（出院36例，死亡2例），澳门特别行政区10例（出院8例），台湾地区40例(出院12例，死亡1例)。(责编：岳弘彬)
60,北京2月29日新冠肺炎新发病例不涉及京内居民小区,03月01日17:50,http://society.people.com.cn/n1/2020/0301/c1008-31611461.html,	人民网北京3月1日电 据北京市疾控中心微信公众号消息，2月29日，北京市新增2例新冠肺炎确诊病例，均为自伊朗入境的密切接触人员，入境后即进行严格的管控，并在医疗机构进行检查确认，不涉及京内居民小区。(责编：牛镛、岳弘彬)
61,北京昨日新增2例境外输入新冠肺炎病例 5例治愈出院,03月01日10:59,http://society.people.com.cn/n1/2020/0301/c1008-31611256.html,"	人民网北京3月1日电 据北京市卫健委网站消息，2月29日0时至24时，北京市新增2例新冠肺炎确诊病例，均为境外输入病例，已送至定点医疗机构进行救治。报告新增疑似病例18例、密切接触者7人。治愈出院患者5例，分别从市区两级定点医院出院。其中有2名男性，3名女性，年龄最小的7岁，最大的67岁。	截至2月29日24时,累计确诊病例413例，治愈出院病例276例，死亡病例8例。现有疑似病例39例。累计确定密切接触者2690人，其中411人尚在隔离医学观察中。确诊病例中东城区13例、西城区53例、朝阳区71例、海淀区62例、丰台区42例、石景山区14例、门头沟区3例、房山区16例、通州区19例、顺义区10例、昌平区29例、大兴区39例、怀柔区7例、密云区7例、延庆区1例，外地来京人员25例，境外输入人员2例。平谷区尚未有病例。	北京市有9个区已连续14天以上无新增确诊病例，具体为平谷区自有疫情以来无报告病例，延庆区37天，门头沟区27天，怀柔区23天，顺义区21天，东城区18天，密云区18天，石景山区16天，大兴区16天。	413例确诊病例中，男性病例199例，占48.2%，女性病例214例，占51.8%；年龄范围为6个月～94岁，其中5岁以下14例，占3.4%，6岁至17岁13例，占3.1%，18岁至59岁276例，占66.8%，60岁及以上110例，占26.7%。(责编：白宇、岳弘彬)"
62,中国公民在莫斯科隔离遭虐待？中国驻俄使馆回应,03月01日09:31,http://society.people.com.cn/n1/2020/0301/c431577-31611192.html,	中新网3月1日电 据中国驻俄罗斯使馆网站消息，近日，中国驻俄使馆注意到个别自媒体上传言称莫斯科警方暴力执法，虐待隔离人员，无故带走中国公民。使馆高度关注此事。经核实，该传言并不属实。	驻俄使馆发布消息全文如下：中国驻俄罗斯使馆高度关注中国公民在莫斯科隔离事	近期，随着新冠肺炎疫情的发展，俄罗斯面临的防疫压力加大。此前，俄方向我馆提出，希使馆协助劝说尚在国内的中国留俄学生推迟至3月2日后返校。2月14日，我馆发布通报，希留俄学生遵照俄方有关要求暂缓返校。但是，仍有数千名留学生坚持返校，俄方感到防疫形势十分严峻。根据俄防疫规定，留学人员属长期在俄居留人员，自中国抵俄后需自觉在居住地隔离14天，此项规定针对所有国家人员。自国内返俄的使领馆工作人员均自觉执行俄方隔离14天规定，隔离期结束确认身体健康后才上班。	随着大量中国公民进入俄境，俄方认为疫情输入风险加剧，于是进一步采取措施，自2月20日起临时限制持工作、私人访问、学习和旅游签证的中国公民入境。俄方出于疫情防控需要采取的临时防疫措施，应当予以尊重。使馆多次呼吁中国公民按照俄防疫规定入境后自觉在居住地隔离14天。	莫斯科市政府采取一系列严格防疫措施后，我馆通过俄外交部、俄消费者权益保护和公益监督署(防疫主管部门)、莫斯科市政府等做了大量工作。俄方多次强调，所采取的措施并非只针对中国公民。使馆在工作中注意到，俄执法部门对本国公民和其他国家公民也进行了防疫检查，使馆工作人员上街时也曾受到询问。据了解，莫斯科市执法人员总体上执法规范，检查护照确认入境时间超过14天后即予放行。如中国公民遇到过度执法行为或遭遇不公正待遇，请如实向使馆反映。我馆将切实维护中国公民的合法权益。	莫斯科市政府通过检查，将80名涉嫌违反自我隔离规定的中国公民集中在察里津诺康复中心等指定地点进行隔离。使馆领事官员前往慰问并送去食品、水果等慰问品及生活必需品，并要求俄方采取一切措施提供良好的隔离和生活条件。据了解，隔离地点生活有基本保障。使馆领侨处、教育处同俄联邦和地方主管部门负责人保持密切沟通，逐一了解80名中国公民被处罚的法律依据和具体事实，与被隔离人员热线联系、安抚情绪，并提供必要的领事服务和法律援助，跟进部分被判罚公民案件进展和上诉审理。	2月27日，使馆发布通知，如在居住地隔离的中国公民确有生活保障需要，可随时与使馆联系，我馆将给予必要协助。同时，我馆再次提醒他们切勿外出。	近日，使馆注意到个别自媒体上传言称莫斯科警方暴力执法，虐待隔离人员，无故带走中国公民。我馆高度关注此事。经核实，该传言并不属实。被警方带走的人员均涉嫌违反了俄防疫规定，且隔离地点并非只有中国公民，还有俄公民和其他国家公民。处于医学观察的人员中，中方人员只占约三分之一。经查证，造谣者与日前散布中国公民因感染冠状病毒被俄方抛尸荒野谣言者系同一人。	俄方执法机关对所有违反防疫规定的人员均予以严惩，包括俄本国公民。日前，一名圣彼得堡市的俄女性公民擅自逃离隔离地，被警方强行带回隔离并依法进行了惩处。使馆提醒所有中国公民不造谣、不信谣、不传谣。	据使馆了解，很多俄方院校对中国学生十分关心，有的校领导亲自值班，尽力为在校隔离的学生提供必要的居住和生活条件。一些学生向使馆反映，由于在家自我隔离而无法外出办理落地签。使馆正同俄方有关部门进行沟通。如遇困难请联系使馆。	使馆再次提醒中国公民严格遵守俄方的各项防疫规定，在俄遇到任何困难或遭遇不公正待遇，请第一时间与使馆联系。	驻俄罗斯使馆领事保护电话：0074999518661， 0079167680296	驻俄罗斯使馆经济商务处联系电话：0079683799111	驻俄罗斯使馆教育处联系电话：0074999518395，0074999518396(责编：何淼、岳弘彬)
63,国家卫健委:29日新增新冠肺炎573例 湖北570例,03月01日08:15,http://society.people.com.cn/n1/2020/0301/c1008-31611080.html,	人民网北京3月1日电 据国家卫健委网站消息，2月29日0―24时，31个省（自治区、直辖市）和新疆生产建设兵团报告新增确诊病例573例，新增死亡病例35例（湖北34例，河南1例），新增疑似病例132例。	当日新增治愈出院病例2623例，解除医学观察的密切接触者8620人，重症病例减少299例。	截至2月29日24时，据31个省（自治区、直辖市）和新疆生产建设兵团报告，现有确诊病例35329例（其中重症病例7365例），累计治愈出院病例41625例，累计死亡病例2870例，累计报告确诊病例79824例，现有疑似病例851例。累计追踪到密切接触者660716人，尚在医学观察的密切接触者51856人。	湖北新增确诊病例570例（武汉565例），新增治愈出院病例2292例（武汉1675例），新增死亡病例34例（武汉26例），现有确诊病例32959例（武汉27700例），其中重症病例7107例（武汉6393例）。累计治愈出院病例31187例（武汉19227例），累计死亡病例2761例（武汉2195例），累计确诊病例66907例（武汉49122例）。新增疑似病例64例（武汉50例），现有疑似病例646例（武汉393例）。	累计收到港澳台地区通报确诊病例144例：香港特别行政区95例（出院33例，死亡2例），澳门特别行政区10例（出院8例），台湾地区39例(出院9例，死亡1例)。(责编：白宇、岳弘彬)
64,北京市无新增新冠肺炎确诊病例 9例治愈出院,02月28日10:24,http://society.people.com.cn/n1/2020/0228/c1008-31609452.html,"	人民网北京2月28日电 据北京市卫生健康委员会网站消息，2月27日0时至24时，北京市无新增新冠肺炎确诊病例。报告新增疑似病例12例、死亡病例2例、密切接触者81人。治愈出院患者9例，分别从市区两级定点医院出院。其中有3名男性，6名女性，年龄最小的32岁，最大的82岁。	截至2月27日24时,累计确诊病例410例，治愈出院病例257例，死亡病例7例。现有疑似病例38例。累计确定密切接触者2667人，其中594人尚在隔离医学观察中。确诊病例中东城区13例、西城区53例、朝阳区70例、海淀区62例、丰台区42例、石景山区14例、门头沟区3例、房山区16例、通州区19例、顺义区10例、昌平区29例、大兴区39例、怀柔区7例、密云区7例、延庆区1例，外地来京人员25例。平谷区尚未有病例。	全市有9个区已连续14天以上无新增确诊病例，有13个区已连续7天以上无新增确诊病例，具体为平谷区自有疫情以来无报告病例，延庆区35天，门头沟区25天，怀柔区21天，顺义区19天，东城区16天，密云区16天，石景山区14天，大兴区14天，房山区11天，昌平区10天，西城区8天，通州区8天。	410例确诊病例中，男性病例196例，占47.8%，女性病例214例，占52.2%；年龄范围为6个月～94岁，其中5岁以下14例，占3.4%，6岁至17岁13例，占3.2%，18岁至59岁273例，占66.6%，60岁及以上110例，占26.8%。(责编：牛镛、岳弘彬)"
65,在湖北未返京人员一律不返京,02月28日09:51,http://society.people.com.cn/n1/2020/0228/c1008-31609328.html,原标题：在湖北未返京人员一律不返京	昨天，在北京市新型冠状病毒肺炎疫情防控工作新闻发布会上，市政府副秘书长陈蓓表示，按照北京市防控工作要求，同时也是湖北地区防控工作的措施要求，现在在湖北没有返京的人员，一律不返京。其他地区人员返京后需进行居家或集中医学观察14天。	陈蓓说，每一个单位都是疫情防控工作的主体，没有例外；每一个薄弱的环节和漏洞都可能导致疫情的爆发，没有侥幸；每一个人防控工作的不到位，或思想上的麻痹和忽视都可能是疫情的导火索，没有免疫；每一个细节小节，都可能使防控工作产生大的漏洞。驻京各中央单位要担负起各自的疫情防控责任，带头落实好属地防控各项工作措施，服从北京市疫情防控的统一安排。中央单位现在仍然有返京的人员，目前在湖北出差和探亲的人员，统一要求是一律不返京，希望中央单位包括各个单位都落实做好这一工作。	陈蓓表示，本市将进一步深化加强保洁、保安、食堂等后勤物业管理工作，进一步强化落实四方责任。用工单位是保洁、保安、物业、食堂、维修维护等后勤物业疫情防控工作的主责单位。要强化员工健康观察和检测，各单位及时掌握保洁、保安、物业、食堂等后勤工作人员在京或离京情况，严格要求居家或集中医学观察14天。严格落实每日体温检测制度，每日检测两次，发现员工有发热症状及时安排就医，不得安排上班。	各单位要改善后勤物业人员的住宿条件，原则上不安排在地下空间居住。严格控制人均居住面积不少于4平方米，居住地下空间的，人均居住面积不少于5平方米。处于半地下室的宿舍，有窗的，应每日开窗通风，无窗户的，原则上不作为宿舍。此外，要保持宿舍整洁卫生，各单位要加强集体宿舍的监督管理，明确责任人，每日检查，确保居住环境健康无害。（记者 李祺瑶）(责编：温璐、孝金波)
66,经此一“疫”和谐的医患关系能否持续,02月28日09:21,http://society.people.com.cn/n1/2020/0228/c1008-31609244.html,原标题：经此一“疫”和谐的医患关系能否持续	　　记者观察	　　经此一“疫”和谐的医患关系能否持续	　　四川大学华西医院重症医学科主任康焰，是华西医院第三批支援湖北医疗队队长。他带领130人的队伍，接管了湖北省人民医院东院的两个重症病区。作为参与过抗击“非典”也参加过汶川地震医疗工作的医生，他告诉中国青年报记者，在重大公共事件时，医患关系缓和，患者和家属对医生的信任度很高。	　　这样的体会不是康医生独有，很多医生护士都有这样的感受。一位在重症隔离区的护士说，患者身体不好，偶尔也闹情绪，但他们对医生护士都很尊重。有的病人虽然病情比较严重，但咳嗽的时候会把头扭向一边，不朝向护士。也有医生感叹，20年前那样的医患关系回来了。	　　其实，医患关系最重要的是信任与合作。	　　信任与合作是相互的。当病人把对恢复健康甚至是生的希望都交给了医生护士时，表达完全的尊重和敬意；医护人员全力救治患者，信任患者的理解与配合，那么这就是一种完美的医患关系。	　　疫情牵动人心，大家通过各种媒介看到医护人员与患者互动，给他们鼓劲打气，互相鼓舞的气氛，让很多人感动。	　　医患关系平时也应如此。但是，由于多种干扰因素，本应简单的医患关系变得复杂化，还被蒙上了阴影。这些干扰因素不单引起医患双方的互不满意，甚至时有伤医案发生。就在疫情袭来之前，北京的两起伤医案引起巨大的社会震动，一名女医生殉职，一名优秀的眼科医生躺在病房里。当然，伤医者必定要受到法律的严惩，故意杀害医生的孙文斌已经被判处死刑。	　　疫情爆发以后，全国各地的医护工作者从各地驰援湖北。他们不是不清楚病毒的危险，但是职责所在，义不容辞。他们不是天生的英雄，而是在尽自己的一份专业力量，践行“救死扶伤”的入职誓言。抓紧时间，多救治一个是一个是他们共同的心愿。	　　新冠病毒是一种新型病毒，传染性和危害显而易见。患者很清楚这场疾病是前所未有的，医护人员也清楚自己面对的是新敌人。只有双方配合，才能实现最佳的治疗效果。这时候，医护人员与患者面临共同的敌人，是一体的。虽然隔着口罩和防护服，但医患双方在共同抗“疫”。	　　平时，由于医患关系的复杂性，患者不满意个别医生没耐心、没有人情味、冷漠，而医生同样不满意一些患者的刁钻刁难。有时双方除了简单的交流，没有其他的沟通。患者采用的一些过激手段更促使医生不得不提高警惕，从而加剧了医患之间的不信任，导致了医患矛盾的升级、恶性循环。	　　如今还在“疫”中，经此一“疫”后，和谐的、相互信任的医患关系能否保持呢？	　　2003年“非典”疫情结束之后，有医生很怀念那时候的医患关系。“非典期间给人一个最为深刻的感受，就是那场灾难面前的医患关系，透明、信任、忠诚、坚定。”2013年，时任北京协和医院急诊科副主任的王仲这样告诉中国青年报记者，而当时，他感觉“而今天，医患关系一步步走向沉重”。	　　但是，这次新冠疫情的大灾大难，是前所未有的，对整个社会各方面的触动也是前所未有的，希望能为一直紧张的医患关系带来修补和改进之机。修正干扰项，让医患之间的信任与尊重继续保持，需要社会每个成员的主动参与。(李新玲)(责编：温璐、孝金波)
67,国家卫健委：27日新增确诊病例327例 湖北新增318例,02月28日08:10,http://society.people.com.cn/n1/2020/0228/c1008-31608661.html,	人民网北京2月28日电 据国家卫健委网站消息，2月27日0―24时，31个省（自治区、直辖市）和新疆生产建设兵团报告新增确诊病例327例，新增死亡病例44例（湖北41例，北京2例，新疆生产建设兵团1例），新增疑似病例452例。	当日新增治愈出院病例3622例，解除医学观察的密切接触者10525人，重症病例减少394例。	截至2月27日24时，据31个省（自治区、直辖市）和新疆生产建设兵团报告，现有确诊病例39919例（其中重症病例7952例），累计治愈出院病例36117例，累计死亡病例2788例，累计报告确诊病例78824例，现有疑似病例2308例。累计追踪到密切接触者656054人，尚在医学观察的密切接触者65225人。	湖北新增确诊病例318例（武汉313例），新增治愈出院病例3203例（武汉2498例），新增死亡病例41例（武汉28例），现有确诊病例36829例（武汉30179例），其中重症病例7633例（武汉6775例）。累计治愈出院病例26403例（武汉15826例），累计死亡病例2682例（武汉2132例），累计确诊病例65914例（武汉48137例）。新增疑似病例332例（武汉295例），现有疑似病例1989例（武汉1488例）。	累计收到港澳台地区通报确诊病例135例：香港特别行政区93例（出院26例，死亡2例），澳门特别行政区10例（出院8例），台湾地区32例(出院6例，死亡1例)。(责编：牛镛、岳弘彬)
68,湖北新增新冠肺炎确诊病例318例 武汉313例,02月28日08:08,http://society.people.com.cn/n1/2020/0228/c1008-31608632.html,"	人民网北京2月28日 据湖北省卫健委网站消息，2020年2月27日0―24时，全省新增新冠肺炎确诊病例318例，其中：武汉市313例、宜昌市2例、荆门市1例、孝感市1例、潜江市1例，黄石市、十堰市、襄阳市、荆州市、鄂州市、黄冈市、咸宁市、随州市、恩施州、仙桃市、天门市、神农架林区均为0例。	全省新增病亡41例，其中：武汉市28例、黄冈市4例、十堰市3例、襄阳市1例、宜昌市1例、荆州市1例、鄂州市1例、孝感市1例、随州市1例，黄石市、荆门市、咸宁市、恩施州、仙桃市、天门市、潜江市、神农架林区均为0例。	全省新增出院3203例，其中：武汉市2498例、孝感市173例、黄冈市93例、鄂州市74例、襄阳市52例、随州市47例、荆州市46例、黄石市40例、咸宁市37例、宜昌市33例、仙桃市32例、荆门市26例、天门市25例、十堰市17例、恩施州8例、潜江市2例、神农架林区0例。	截至2020年2月27日24时，湖北省累计报告新冠肺炎确诊病例65914例，其中：武汉市48137例、孝感市3517例、黄冈市2904例、荆州市1579例、鄂州市1389例、随州市1307例、襄阳市1175例、黄石市1013例、宜昌市931例、荆门市924例、咸宁市836例、十堰市671例、仙桃市575例、天门市496例、恩施州251例、潜江市198例、神农架林区11例。	全省累计治愈出院26403例,其中：武汉市15826例、黄冈市2041例、孝感市1795例、荆州市913例、襄阳市753例、随州市740例、鄂州市685例、黄石市653例、咸宁市644例、荆门市534例、宜昌市429例、十堰市389例、仙桃市388例、天门市332例、恩施州172例、潜江市99例、神农架林区10例。	全省累计病亡2682例，其中：武汉市2132例、孝感市114例、黄冈市114例、荆州市46例、鄂州市43例、随州市38例、荆门市37例、黄石市33例、襄阳市32例、宜昌市31例、仙桃市19例、天门市13例、咸宁市11例、潜江市9例、十堰市6例、恩施州4例、神农架林区0例。	目前仍在院治疗32878例，其中：重症6270例、危重症1363例，均在定点医疗机构接受隔离治疗。现有疑似病例1989人，当日新增332人，当日排除360人，集中隔离1989人。累计追踪密切接触者262195人，尚在接受医学观察43122人。(责编：牛镛、岳弘彬)"
69,北京昨日新增10例确诊病例 均为密切接触者,02月27日10:45,http://society.people.com.cn/n1/2020/0227/c1008-31607465.html,"	人民网北京2月27日电 （记者孝金波）据北京市卫生健康委消息，2月26日0时至24时，北京市新增10例新冠肺炎确诊病例，均为确诊病例的密切接触者，属一起外省输入的单位聚集性疫情，均已送至定点医疗机构进行救治。新增疑似病例10例，现有疑似病例46例。新增报告死亡1例。新增密切接触者84例，累计确定密切接触者2658例，其中1852例已解除医学观察。13例新冠肺炎患者分别从地坛医院、佑安医院、解放军总医院第五医学中心、回民医院、海淀医院、丰台区中西医结合医院出院。其中5名男性，8名女性；年龄最小17岁，最大69岁。	截至2月26日24时,北京市累计确诊病例410例，出院248例，死亡5例。确诊病例中东城区13例、西城区53例、朝阳区70例、海淀区62例、丰台区42例、石景山区14例、门头沟区3例、房山区16例、通州区19例、顺义区10例、昌平区29例、大兴区39例、怀柔区7例、密云区7例、延庆区1例，外地来京人员25例。平谷区尚未有病例。	410例确诊病例中，男性病例196例，占47.8%，女性病例214例，占52.2%；年龄范围为6个月～94岁，其中5岁以下14例，占3.4%，6岁至17岁13例，占3.2%，18岁至59岁273例，占66.6%，60岁及以上110例，占26.8%。(责编：岳弘彬)"
70,湖北新增新冠肺炎确诊病例409例 武汉383例,02月27日09:46,http://society.people.com.cn/n1/2020/0227/c1008-31607313.html,"	人民网北京2月27日电 据湖北省卫健委网站消息，2020年2月26日0―24时，全省新增新冠肺炎确诊病例409例，其中：武汉市383例、孝感市15例、黄石市2例、宜昌市2例、荆州市2例、鄂州市2例、荆门市1例、随州市1例、潜江市1例，十堰市、襄阳市、黄冈市、咸宁市、恩施州、仙桃市、天门市、神农架林区均为0例。	全省新增病亡26例，其中：武汉市19例、黄冈市3例、黄石市1例、襄阳市1例、荆州市1例、鄂州市1例，孝感市、随州市、十堰市、宜昌市、荆门市、咸宁市、恩施州、仙桃市、天门市、潜江市、神农架林区均为0例。	全省新增出院2288例，其中：武汉市1535例、孝感市234例、黄冈市96例、鄂州市68例、襄阳市48例、咸宁市47例、荆州市45例、随州市41例、荆门市39例、宜昌市34例、黄石市28例、十堰市24例、天门市21例、仙桃市19例、恩施州6例、潜江市3例、神农架林区0例。	截至2020年2月26日24时，湖北省累计报告新冠肺炎确诊病例65596例，其中：武汉市47824例、孝感市3516例、黄冈市2904例、荆州市1579例、鄂州市1389例、随州市1307例、襄阳市1175例、黄石市1013例、宜昌市929例、荆门市923例、咸宁市836例、十堰市671例、仙桃市575例、天门市496例、恩施州251例、潜江市197例、神农架林区11例。	全省累计治愈出院23200例,其中：武汉市13328例、黄冈市1948例、孝感市1622例、荆州市867例、襄阳市701例、随州市693例、黄石市613例、鄂州市611例、咸宁市607例、荆门市508例、宜昌市396例、十堰市372例、仙桃市356例、天门市307例、恩施州164例、潜江市97例、神农架林区10例。	全省累计病亡2641例，其中：武汉市2104例、孝感市113例、黄冈市110例、荆州市45例、鄂州市42例、随州市37例、荆门市37例、黄石市33例、襄阳市31例、宜昌市30例、仙桃市19例、天门市13例、咸宁市11例、潜江市9例、恩施州4例、十堰市3例、神农架林区0例。	目前仍在院治疗34978例，其中：重症6581例、危重症1403例，均在定点医疗机构接受隔离治疗。现有疑似病例2019人，当日新增403人，当日排除448人，集中隔离1947人。累计追踪密切接触者259491人，尚在接受医学观察46326人。(责编：牛镛、岳弘彬)"
71,离汉离鄂通道探访：24小时值守 严防疫情过卡口,02月27日09:26,http://society.people.com.cn/n1/2020/0227/c1008-31607228.html,原标题：离汉离鄂通道探访：24小时值守 严防疫情过卡口	　　24小时值守，严防疫情过卡口	　　――离汉离鄂通道探访	　　2月25日，省委强调，继续实行严格的离汉离鄂通道管控措施，标准不降，力度不减；毫不放松外防输出，坚决阻断疫情蔓延。	　　2月26日，湖北日报全媒记者兵分三路，对高速公路、国道、村镇等离汉离鄂的“三个卡口”进行了实地探访。	　　武鄂高速龚家岭收费站――	　　出城车辆被“劝返”	　　补齐证件才放行	　　一端连着武汉二环线，一端连着武鄂高速、武汉绕城高速。龚家岭收费站，是武汉通向省内鄂州、黄冈、黄石三地和江西、安徽等省的交通要塞。	　　上午9时许，武汉某医疗器械公司的工程师张恒驾车再次来到该站点前。头一天，因单位证明不合规，他来了后被民警劝返。	　　“36.5摄氏度，正常。”体温测量员王云凯检查过后，记录下车辆及人员信息。“您好，请出示通行证。”驻守民警蒋镇泽走上前来。	　　张恒拿出一张证明，明确标注着出城车辆车牌、人员身份信息、出发抵达日期等，上面盖有蕲春县新冠肺炎防控指挥部的公章。	　　经过核实登记，并检查车辆内无违禁品后，民警予以放行。	　　“首先，出城车辆中的人员必须没有发热、咳嗽等状况，其次，必须持有区级以上疫情防控指挥部准发的通行证。”蒋镇泽介绍，从1月23日实施交通管控以来，出城车辆管理一直按照该标准严格执行，必须人、车、证件齐全。	　　该站点入城方向，一辆武汉牌照的私家车正在接受检查。驾驶员胡先生说，他是黄陂区盘龙城一家防疫物资生产企业的员工，按企业要求返岗复工。	　　胡先生向民警出示了“在外人员返汉申请表”，表格中不仅注明了出发地和返回地，还标注了返程线路。	　　“请打开您的后备厢。”民警又仔细检查了车辆内物资，确认无活禽、无违禁物品后，方才放行。	　　据武汉市公安局东湖生态旅游风景区分局巡逻反恐大队教导员倪峰介绍，龚家岭收费站一共有50多名民警和10多名防疫部门人员值守，每天4班倒，实行24小时管控。	　　“实施管控以来，每天有300多台车辆从这里通行，基本都是运送医疗救援物资和群众生活物资的。”倪峰说。	　　107国道军农立交桥――	　　24小时三班倒值守	　　防疫物资车辆优先通行	　　“您好，请下车进行登记。”上午10时许，在107国道武汉市东西湖段军农立交桥封控点，值守民警将一辆小汽车拦停。	　　“我是安装氧气设备的技术人员，这是我的证件。”司机邓飞将身份证和通行证拿到登记处，民警对他进行体温检测，并询问出城原因。	　　邓飞介绍，他是京山市东兴气体有限责任公司的技术人员，此行前往应城市中医院，安装救治病人所需的氧气设备。经反复核查后，民警予以放行。	　　“军农立交桥是武汉连接孝感的重要市际通道。”辛安渡派出所教导员洪坤介绍，自1月23日起，该所承担了这里的管控任务，24小时派人值守。	　　“8小时一个班，每班配民警、交警和公路人员等7人值守。”洪坤介绍，“民警和交警负责查验往来人员及车辆，公路人员负责查验返汉人员相关证件。”	　　“请您稍等，让运输防疫物资的车辆先走。”民警请几位在东西湖区从事养殖业的返汉人员站到一旁，让一辆运输救援物资的车辆先行登记。	　　洪坤介绍，封控点对所有运输民生用品和救援物资的车辆开辟“绿色通道”，只要相关证明齐全，即可优先通行。	　　武汉东西湖区新沟镇汉北河大桥――	　　桥上24小时值守	　　桥下渡河工具全清除	　　上午9时许，武汉市东西湖区新沟镇街106省道汉北河大桥卡口处，2名城管队员、2名交警和6名派出所民警正严阵以待。	　　汉北河大桥是连接武汉与汉川两地的交通要道，新沟镇与汉川市隔河相望。	　　“镇里共有3条道路通往汉川，其中2条已采取拉网打围等物理隔离的方式进行封闭，仅留下汉北河大桥这条唯一的通道。”新沟镇派出所教导员朱辉明说。	　　一辆贴有“武汉加油”标语的货车驶来，在卡口处停下。几名民警上前，看到货车上装满了消毒水等医用物资。	　　“您出城做什么？车上有几个人？今天是否返程？”民警仔细核对证件，记录了司机李师傅的相关信息，予以放行。	　　“自1月23日离汉通道管控时起，该卡口10名值守人员每天24小时值守。”朱辉明告诉记者。	　　朱辉明介绍，若值守人员发现出城车辆中有人员体温异常，就会立刻上报，并将其送往集中隔离点隔离。“昨天晚上我送了3个人到隔离点，一直忙到凌晨4点。”	　　“不麻痹、不厌战、不侥幸、不松劲，我们一定会把离汉道口守牢，毫不放松外防输出。”朱辉明说，新沟镇派出所民警还将辖区内的渡河工具全部清理了一遍，在河边设了观察点，防止有人渡河出城。（邓伟 杨康 曾雅青）(责编：温璐、孝金波)
72,“血浆疗法”已用于21例患者 血液科专家详解疗效原理,02月27日09:23,http://society.people.com.cn/n1/2020/0227/c1008-31607224.html,原标题：“血浆疗法”已用于21例患者 血液科专家详解疗效原理	　　2月13日，武汉市金银潭医院院长张定宇首次表示，该院开展康复者“恢复期血浆”的输注工作，有了初步效果。国药“中国生物”随后宣布，制备出用于临床治疗的特免血浆制品，已治疗的危重病人超过10人。患者接受治疗12至24小时后，临床体征和症状明显好转。	　　2月26日，华中科技大学附属协和医院血液科教授、主任医师、博士生导师梅恒，就“血浆疗法”的作用及最新进展等，接受了湖北日报全媒记者的采访。	　　记者：血浆疗法的原理是什么？此前多用于哪些治疗？	　　梅恒：原理主要是利用康复者血浆中针对新冠病毒的特异性抗体，可以迅速识别并捕捉病毒，激活体内的补体系统清除病毒。	　　康复者血浆疗法是人类防治传染病的重要方法，特别是在既没有疫苗又没有特效药的病毒性疾病的时候使用，包括猩红热、黄热病、禽流感等，2015年非洲埃博拉病毒暴发的时候，世界卫生组织曾推荐使用；在2003年“非典”时，国内外也有许多成功运用的报道。	　　记者：康复者恢复期血浆对于挽救重症、危重症患者生命的重要作用，主要体现在哪些方面？	　　梅恒：主要是通过输血的方式，把康复者血液中的抗体给到重症患者，帮助患者自身免疫系统对抗新冠病毒。有效性体现在如病毒载量降低至完全转阴、淋巴细胞比例上升、血氧饱和度上升以及体温、呼吸等生命体征和症状好转等。	　　记者：为什么要强调康复者恢复期血浆？	　　梅恒：这个时期的康复者可经数字PCR检测确定病毒完全被清除，其体内产生针对新冠病毒高滴度的IgG抗体数量最多、效果最好。	　　记者：目前临床试验大约有多少例，表现出怎样的效果？	　　梅恒：目前武汉市已开展21例，集中在金银潭医院、协和医院、武汉市肺科医院。目前还未完全评价，对于重症，特别是7天至10天内转重症的患者疗效更好。	　　记者：这一疗法在使用过程中需要注意哪些问题？	　　梅恒：康复者血浆中抗体量因人而异，只有通过临床检测符合要求的才行。血浆在使用前也要经过严格病毒灭活和过滤后才能使用。	　　对于受者而言，重症患者更为推荐，而对于太晚期伴有多脏器功能衰竭的患者风险较大，需评估后谨慎使用；有血清病的患者不能使用；轻症患者不需要使用。（记者 方琳 通讯员 王潇潇）(责编：温璐、孝金波)
73,国家卫健委：26日新增确诊病例433例 湖北新增409例,02月27日09:19,http://society.people.com.cn/n1/2020/0227/c1008-31607210.html,	人民网北京2月27日电 据国家卫健委网站消息，2月26日0―24时，31个省（自治区、直辖市）和新疆生产建设兵团报告新增确诊病例433例，新增死亡病例29例（湖北26例，北京、黑龙江、河南各1例），新增疑似病例508例。	当日新增治愈出院病例2750例，解除医学观察的密切接触者12823人，重症病例减少406例。	截至2月26日24时，据31个省（自治区、直辖市）和新疆生产建设兵团报告，现有确诊病例43258例（其中重症病例8346例），累计治愈出院病例32495例，累计死亡病例2744例，累计报告确诊病例78497例，现有疑似病例2358例。累计追踪到密切接触者652174人，尚在医学观察的密切接触者71572人。	湖北新增确诊病例409例（武汉383例），新增治愈出院病例2288例（武汉1535例），新增死亡病例26例（武汉19例），现有确诊病例39755例（武汉32392例），其中重症病例7984例（武汉7049例）。累计治愈出院病例23200例（武汉13328例），累计死亡病例2641例（武汉2104例），累计确诊病例65596例（武汉47824例）。新增疑似病例403例（武汉341例），现有疑似病例2019例（武汉1459例）。	累计收到港澳台地区通报确诊病例133例：香港特别行政区91例（出院24例，死亡2例），澳门特别行政区10例（出院7例），台湾地区32例(出院5例，死亡1例)。(责编：牛镛、岳弘彬)
74,分区分级细化到县，提升防控精准性,02月26日10:01,http://society.people.com.cn/n1/2020/0226/c1008-31605404.html,原标题：分区分级细化到县，提升防控精准性	　	　　分区分级防控细化到县，而不再是以省级为单位开展工作，有助于提升疫情防控的精准性。	　　2月25日下午，在国务院应对新冠肺炎疫情联防联控机制新闻发布会上，国家发改委社会司司长欧晓理介绍，目前各地疫情发展态势不尽相同，如果仍然以省级为单位开展工作，不仅防控措施缺乏针对性、科学性，也会影响经济社会秩序的恢复，因此需要分类指导，精准施策。“所谓分区、分级、精准复工复产就是对湖北省、北京市以外的地方，依据疫情严重程度以县级为单位划分为低风险地区、中风险地区和高风险地区三类。”	　　综合多方数据来看，疫情防控的阶段性成果已经非常明显，向好的势头在继续巩固。在此前提下，采取分区分级的精准防控，不仅符合当前疫情防控的客观现实，也是尽快建立与疫情防控相适应的经济社会运行秩序的实际需要。	　　事实上，习近平总书记在“2・23”重要讲话中，就深刻分析当前疫情形势和对经济社会发展影响，就落实分区分级精准复工复产作出部署、提出要求。而2月17日，国务院联防联控机制印发的《关于科学防治精准施策分区分级做好新冠肺炎疫情防控工作的指导意见》指出，各地要以县(市、区、旗)为单位，依据人口、发病情况综合研判，科学划分疫情风险等级，明确分级分类的防控策略。	　　结合这些背景看，国务院联防联控机制再次明确，湖北、北京以外地区以县级为单位划分低中高三类风险等级，具有双重信号意义。	　　一是，与以往多是以湖北和非湖北地区为界的分级标准不同，这次进一步精准到湖北、北京以外地区，说明北京疫情防控的弦仍在绷紧，这与北京疾控中心最新的表态――“北京防控形势远没有到放松的时候”，形成呼应。二是，在多省份下调响应级别后，一些地方还得继续把分区分级精准防控要求“下沉”到县区，最大限度提升防控的精确性。	　　这是由每个地方疫情发展态势不尽相同的客观现实所决定的。像目前全国已有1396个县(区)无确诊病例(占46%)，还有一些县(区)累计病例很少、基本没有新增病例。若忽视这种实际差异，继续“一刀切”沿用以省级为单位的防控标准，就可能显得“大而不当”，既缺乏针对性、科学性，也将耽误复工复产。正如钟南山所指出，当前阶段一些地区下调防控级别，一方面是“该紧的紧，该松的松”；另一方面，也对发展生产是有利的。	　　忽视疫情发展变化，片面追求所谓的“严控”，既损耗防控精力和资源，影响防控效率，也加大对生产、生活的不必要影响，这与盲目“放松”一样，都应该警惕。而以县级为单位划分低风险地区、中风险地区和高风险地区，也并不是说低风险地区就完全不再要防控，高风险地区就一概不能复工复产。而是说，要依据不同的风险划分，对疫情防控和复工复产作出更科学、更精准的平衡。而相较于前一阶段以省级为单位的防控，细化到县区后，也更考验地方的综合治理能力，需要各地把防控工作做得更细更实。	　　在疫情防控积极信号越来越多的关头，启动细化到县的分区分级防控，其实就是通过提升防控精准度来为复工复产和经济社会恢复正常秩序抢空间、抢时间，将疫情对社会的影响尽可能降到最低。	　　当然，分区、分级防控的标准进一步细化，并不代表防控意识可以弱化，不管是地方政府，还是企业、个人，该有的防控警惕不能少，不该有的松劲松懈也不能有。(责编：温璐、孝金波)
75,湖北新增新冠肺炎确诊病例401例 武汉370例,02月26日09:47,http://society.people.com.cn/n1/2020/0226/c1008-31605371.html,	人民网北京2月26日电 据湖北省卫健委网站消息，2020年2月25日0―24时，湖北省新增新冠肺炎确诊病例401例，其中：武汉市370例、孝感市19例、黄石市3例、荆门市2例、鄂州市2例、宜昌市1例、荆州市1例、随州市1例、天门市1例、潜江市1例，十堰市、襄阳市、黄冈市、咸宁市、恩施州、仙桃市、神农架林区均为0例。	湖北省新增病亡52例，其中：武汉市42例、孝感市3例、荆州市2例、黄石市1例、宜昌市1例、黄冈市1例、随州市1例、潜江市1例，十堰市、襄阳市、鄂州市、荆门市、咸宁市、恩施州、仙桃市、天门市、神农架林区均为0例。	湖北省新增出院2058例，其中：武汉市1456例、黄冈市92例、襄阳市60例、孝感市60例、咸宁市56例、黄石市51例、随州市51例、鄂州市47例、荆州市46例、荆门市37例、宜昌市34例、十堰市33例、仙桃市21例、恩施州7例、天门市4例、潜江市3例、神农架林区0例。	截至2020年2月25日24时，湖北省累计报告新冠肺炎确诊病例65187例，其中：武汉市47441例、孝感市3501例、黄冈市2904例、荆州市1577例、鄂州市1387例、随州市1306例、襄阳市1175例、黄石市1011例、宜昌市927例、荆门市922例、咸宁市836例、十堰市671例、仙桃市575例、天门市496例、恩施州251例、潜江市196例、神农架林区11例。	湖北省累计治愈出院20912例，其中：武汉市11793例、黄冈市1852例、孝感市1388例、荆州市822例、襄阳市653例、随州市652例、黄石市585例、咸宁市560例、鄂州市543例、荆门市469例、宜昌市362例、十堰市348例、仙桃市337例、天门市286例、恩施州158例、潜江市94例、神农架林区10例。	湖北省累计病亡2615例，其中：武汉市2085例、孝感市113例、黄冈市107例、荆州市44例、鄂州市41例、荆门市37例、随州市37例、黄石市32例、襄阳市30例、宜昌市30例、仙桃市19例、天门市13例、咸宁市11例、潜江市9例、恩施州4例、十堰市3例、神农架林区0例。	目前仍在院治疗36242例，其中：重症6840例、危重症1486例，均在定点医疗机构接受隔离治疗。现有疑似病例2067人，当日新增311人，当日排除533人，集中隔离2067人。累计追踪密切接触者255750人，尚在接受医学观察49438人。(责编：白宇、岳弘彬)
76,国家卫健委：25日新增确诊病例406例 湖北新增401例,02月26日09:44,http://society.people.com.cn/n1/2020/0226/c1008-31605364.html,	人民网北京2月26日电 据国家卫健委网站消息，2月25日0―24时，31个省（自治区、直辖市）和新疆生产建设兵团报告新增确诊病例406例，新增死亡病例52例（湖北52例），新增疑似病例439例。	当日新增治愈出院病例2422例，解除医学观察的密切接触者14573人，重症病例减少374例。	截至2月25日24时，据31个省（自治区、直辖市）和新疆生产建设兵团报告，现有确诊病例45604例（其中重症病例8752例），累计治愈出院病例29745例，累计死亡病例2715例，累计报告确诊病例78064例，现有疑似病例2491例。累计追踪到密切接触者647406人，尚在医学观察的密切接触者79108人。	湖北新增确诊病例401例（武汉370例），新增治愈出院病例2058例（武汉1456例），新增死亡病例52例（武汉42例），现有确诊病例41660例（武汉33563例），其中重症病例8326例（武汉7355例）。累计治愈出院病例20912例（武汉11793例），累计死亡病例2615例（武汉2085例），累计确诊病例65187例（武汉47441例）。新增疑似病例311例（武汉242例），现有疑似病例2067例（武汉1447例）。	累计收到港澳台地区通报确诊病例126例：香港特别行政区85例（出院18例，死亡2例），澳门特别行政区10例（出院7例），台湾地区31例(出院5例，死亡1例)。(责编：白宇、岳弘彬)
77,北京市无新增新冠肺炎确诊病例 20例治愈出院,02月26日08:33,http://society.people.com.cn/n1/2020/0226/c1008-31604919.html,"	人民网北京2月26日电 据北京市卫健委网站消息，2月25日0时至24时，北京市无新增新冠肺炎确诊病例。新增疑似病例21例，现有疑似病例57例。新增密切接触者87例，累计确定密切接触者2574例，其中1784例已解除医学观察。20例新冠肺炎患者分别从地坛医院、佑安医院、解放军总医院第五医学中心、昌平区医院、普仁医院、丰台区中西医结合医院、房山区结核病防治医院出院。其中10名男性，10名女性；年龄最小3岁，最大85岁。	截至2月24日24时,北京市累计确诊病例400例。出院235例，死亡4例，危重型12例。其中东城区13例、西城区53例、朝阳区61例、海淀区62例、丰台区41例、石景山区14例、门头沟区3例、房山区16例、通州区19例、顺义区10例、昌平区29例、大兴区39例、怀柔区7例、密云区7例、延庆区1例，外地来京人员25例。平谷区尚未有病例。	400例确诊病例中，男性病例189例，占47.2%，女性病例211例，占52.8%；年龄范围为6个月～94岁，其中5岁以下14例，占3.5%，6岁至17岁13例，占3.2%，18岁至59岁263例，占65.8%，60岁及以上110例，占27.5%。(责编：白宇、岳弘彬)"
78,北京积水潭医院将建方舱医院？院方回应：谣言,02月25日12:55,http://society.people.com.cn/n1/2020/0225/c1008-31603714.html,	　　人民网北京2月25日电 据北京积水潭医院官方微信公众号消息，针对近日网上有“北京积水潭医院刚接到通知，要开始建方舱医院”的传言，院方回应，没接到这方面通知，该消息不实，纯属谣言。(责编：白宇、岳弘彬)
79,湖北发布通告：滞留在鄂外地人员由当地政府提供救助服务,02月25日10:05,http://society.people.com.cn/n1/2020/0225/c1008-31603443.html,	人民网北京2月25日电 据湖北省人民政府新闻办公室官方微博消息，湖北省新型冠状病毒感染肺炎疫情防控指挥部发布通告。通告称，对因离鄂通道管控滞留在湖北、生活存在困难的外地人员，由当地政府及有关方面提供救助服务。以下为通告全文：	为切实做好新冠肺炎疫情防控期间滞留在鄂外地人员服务保障工作，现就有关事项通告如下：	一、对因离鄂通道管控滞留在湖北、生活存在困难的外地人员（以下简称滞留在鄂外地人员），由当地政府及有关方面提供救助服务。	二、滞留在鄂外地人员可通过12345服务热线、湖北省政务服务网、鄂汇办APP等平台反映困难诉求，各服务平台及时转交相关方面办理。	三、对在湖北就业就学的人员，由所在单位、学校提供必要生活保障。对自由职业人员或因出差、探亲、访友、休假等滞留人员，由现住地所在社区（村）及时了解困难问题，积极协调解决。对有就业愿望且通过健康检测、医学观察的人员，由人社部门组织用工需求对接，提供就业服务。对急需医疗救助的人员，由卫生健康部门协调医疗机构及时给予救治。对生活无着落、确有困难的人员，由各地设置集中安置点，提供食宿、医疗等基本生活保障。	四、为加强联防联控、群防群控，希望滞留在鄂外地人员遵守现住地疫情防控要求，配合做好相关工作，合力打赢疫情防控阻击战。	湖北省新型冠状病毒感染肺炎疫情防控指挥部	2020年2月25日(责编：牛镛、岳弘彬)
80,北京市新增1例新冠肺炎确诊病例 17例治愈出院,02月25日09:16,http://society.people.com.cn/n1/2020/0225/c1008-31603283.html,"	人民网北京2月25日电 据北京市卫生健康委员会官方微博消息，2月24日0时至24时，北京市新增1例新冠肺炎确诊病例。该病例有外省市接触史，已送至定点医疗机构进行救治。新增疑似病例18例，现有疑似病例73例。新增密切接触者3例，累计确定密切接触者2487例，其中1748例已解除医学观察。17例新冠肺炎患者分别从地坛医院、佑安医院、解放军总医院第五医学中心、海淀医院、普仁医院、潞河医院牛堡屯分院、昌平区医院、大兴区人民医院、顺义区医院出院。其中9名男性，8名女性；年龄最小1岁，最大89岁。	截至2月24日24时,北京市累计确诊病例400例。出院215例，死亡4例，危重型13例。按照国家传染病信息网络报告规范，将1例外地来京病例调整至东城区。东城区13例、西城区53例、朝阳区61例、海淀区62例、丰台区41例、石景山区14例、门头沟区3例、房山区16例、通州区19例、顺义区10例、昌平区29例、大兴区39例、怀柔区7例、密云区7例、延庆区1例，外地来京人员25例。平谷区尚未有病例。	400例确诊病例中，男性病例189例，占47.2%，女性病例211例，占52.8%；年龄范围为6个月～94岁，其中5岁以下14例，占3.5%，6岁至17岁13例，占3.2%，18岁至59岁263例，占65.8%，60岁及以上110例，占27.5%。(责编：牛镛、岳弘彬)"
81,湖北新增新冠肺炎确诊病例499例 新增出院2116例,02月25日08:55,http://society.people.com.cn/n1/2020/0225/c1008-31603143.html,"	人民网北京2月25日电 据湖北省卫生健康委员会网站消息，2020年2月24日0―24时，全省新增新冠肺炎确诊病例499例，其中：武汉市464例、孝感市17例、黄石市3例、十堰市2例、宜昌市2例、荆州市2例、鄂州市2例、随州市2例、仙桃市2例、襄阳市1例、天门市1例、潜江市1例，荆门市、黄冈市、咸宁市、恩施州、神农架林区均为0例。	全省新增病亡68例，其中：武汉市56例、黄冈市3例、随州市3例、孝感市2例、黄石市1例、十堰市1例、襄阳市1例、鄂州市1例，宜昌市、荆州市、荆门市、咸宁市、恩施州、仙桃市、天门市、潜江市、神农架林区均为0例。	全省新增出院2116例，其中：武汉市1391例、孝感市151例、黄冈市101例、襄阳市72例、咸宁市59例、随州市50例、仙桃市48例、黄石市44例、荆门市43例、荆州市42例、鄂州市31例、宜昌市24例、天门市24例、十堰市22例、潜江市9例、恩施州5例、神农架林区0例。	截至2020年2月24日24时，湖北省累计报告新冠肺炎确诊病例64786例，其中：武汉市47071例、孝感市3482例、黄冈市2904例、荆州市1576例、鄂州市1385例、随州市1305例、襄阳市1175例、黄石市1008例、宜昌市926例、荆门市920例、咸宁市836例、十堰市671例、仙桃市575例、天门市495例、恩施州251例、潜江市195例、神农架林区11例。	全省累计治愈出院18854例,其中：武汉市10337例、黄冈市1760例、孝感市1328例、荆州市776例、随州市601例、襄阳市593例、黄石市534例、咸宁市504例、鄂州市496例、荆门市432例、宜昌市328例、仙桃市316例、十堰市315例、天门市282例、恩施州151例、潜江市91例、神农架林区10例。	全省累计病亡2563例，其中：武汉市2043例、孝感市110例、黄冈市106例、荆州市42例、鄂州市41例、荆门市37例、随州市36例、黄石市31例、襄阳市30例、宜昌市29例、仙桃市19例、天门市13例、咸宁市11例、潜江市8例、恩施州4例、十堰市3例、神农架林区0例。	目前仍在院治疗37896例，其中：重症7090例、危重症1585例，均在定点医疗机构接受隔离治疗。现有疑似病例2292人，当日新增373人，当日排除846人，集中隔离2245人。累计追踪密切接触者251265人，尚在接受医学观察53474人。(责编：牛镛、岳弘彬)"
82,24日全国新增确诊病例508例 治愈出院2589例,02月25日08:48,http://society.people.com.cn/n1/2020/0225/c1008-31603062.html,	人民网北京2月25日电 据国家卫生健康委员会官方网站消息，2月24日0―24时，31个省（自治区、直辖市）和新疆生产建设兵团报告新增确诊病例508例，新增死亡病例71例（湖北68例，山东2例，广东1例），新增疑似病例530例。	当日新增治愈出院病例2589例，解除医学观察的密切接触者15758人，重症病例减少789例。	截至2月24日24时，据31个省（自治区、直辖市）和新疆生产建设兵团报告，现有确诊病例47672例（其中重症病例9126例），累计治愈出院病例27323例，累计死亡病例2663例，累计报告确诊病例77658例，现有疑似病例2824例。累计追踪到密切接触者641742人，尚在医学观察的密切接触者87902人。	湖北新增确诊病例499例（武汉464例），新增治愈出院病例2116例（武汉1391例），新增死亡病例68例（武汉56例），现有确诊病例43369例（武汉34691例），其中重症病例8675例（武汉7647例）。累计治愈出院病例18854例（武汉10337例），累计死亡病例2563例（武汉2043例），累计确诊病例64786例（武汉47071例）。新增疑似病例373例（武汉282例），现有疑似病例2292例（武汉1529例）。	累计收到港澳台地区通报确诊病例121例：香港特别行政区81例（出院19例，死亡2例），澳门特别行政区10例（出院6例），台湾地区30例(出院5例，死亡1例)。(责编：牛镛、岳弘彬)
83,湖北监狱系统罪犯已有323人确诊新冠肺炎,02月25日08:13,http://society.people.com.cn/n1/2020/0225/c1008-31602709.html,	人民网北京2月25日电 据中央政法委官方微信公众号消息，截至2月23日，湖北监狱系统现有罪犯确诊病例323人，其中武汉女子监狱279人，沙洋汉津监狱43人，省未成年管教所未1人；现有疑似病例10人。确诊罪犯中没有死亡病例，现有重症病例5人已转入地方定点医院，其余轻症患者将转入监狱方舱医院救治。出现首例确诊病例后，即采取果断措施转移非密切接触罪犯，目前扩散势头基本得到遏制。	当前，湖北全省监狱对干警进行封闭执勤，对监所实行封闭管理，开展排查筛查，全力开展救治，进行隔离观察，抢建监狱方舱医院，严肃追责问责，对20余名相关人员给予党纪政纪处分，其中武汉女子监狱党委书记、监狱长被免职，1人被立案调查。(责编：牛镛、岳弘彬)
84,湖北累计确诊新冠肺炎64287例 新增398例,02月24日11:22,http://society.people.com.cn/n1/2020/0224/c1008-31601720.html,	人民网北京2月24日电 据湖北省卫健委网站消息，2020年2月23日0―24时，湖北省新增新冠肺炎确诊病例398例，其中：武汉市348例、孝感市22例、宜昌市7例、黄石市4例、鄂州市4例、随州市3例、潜江市3例、十堰市2例、荆门市2例、仙桃市2例、襄阳市1例，荆州市、黄冈市、咸宁市、恩施州、天门市、神农架林区均为0例。	湖北省新增病亡149例，其中：武汉市131例、孝感市6例、黄冈市5例、随州市3例、黄石市1例、襄阳市1例、荆州市1例、恩施州1例，十堰市、宜昌市、荆门市、鄂州市、咸宁市、仙桃市、天门市、潜江市、神农架林区均为0例。	湖北省新增出院1439例，其中：武汉市772例、黄冈市119例、孝感市99例、襄阳市58例、荆州市53例、随州市53例、黄石市48例、鄂州市48例、咸宁市47例、荆门市28例、十堰市26例、天门市26例、恩施州23例、仙桃市20例、宜昌市15例、潜江市4例、神农架林区0例。	截至2020年2月23日24时，湖北省累计报告新冠肺炎确诊病例64287例，其中：武汉市46607例（订正重卡195例）、孝感市3465例、黄冈市2904例、荆州市1574例、鄂州市1383例、随州市1303例、襄阳市1174例、黄石市1005例、宜昌市924例、荆门市920例、咸宁市836例、十堰市669例、仙桃市573例、天门市494例、恩施州251例、潜江市194例、神农架林区11例。按疫情报告规定，监狱疫情并入武汉市等地统计，不再单列。	湖北省累计治愈出院16738例，其中：武汉市8946例、黄冈市1659例、孝感市1177例、荆州市734例、随州市551例、襄阳市521例、黄石市490例、鄂州市465例、咸宁市445例、荆门市389例、宜昌市304例、十堰市293例、仙桃市268例、天门市258例、恩施州146例、潜江市82例、神农架林区10例。	湖北省累计病亡2495例，其中：武汉市1987例、孝感市108例、黄冈市103例、荆州市42例、鄂州市40例、荆门市37例、随州市33例、黄石市30例、襄阳市29例、宜昌市29例、仙桃市19例、天门市13例、咸宁市11例、潜江市8例、恩施州4例、十堰市2例，神农架林区0例。	目前仍在院治疗39073例，其中：重症7776例、危重症1654例，均在定点医疗机构接受隔离治疗。现有疑似病例2770人，当日新增450人，当日排除1036人，集中隔离2652人。累计追踪密切接触者246781人，尚在接受医学观察58575人。(责编：白宇、岳弘彬)
85,截至2月23日24时全国新增确诊病例409例 湖北新增398例,02月24日11:00,http://society.people.com.cn/n1/2020/0224/c1008-31601666.html,	人民网北京2月24日电 据国家卫健委网站消息， 2月23日0―24时，31个省（自治区、直辖市）和新疆生产建设兵团报告新增确诊病例409例，新增死亡病例150例（湖北149例，海南1例），新增疑似病例620例。	当日新增治愈出院病例1846例，解除医学观察的密切接触者16758人，重症病例减少1053例。	截至2月23日24时，据31个省（自治区、直辖市）和新疆生产建设兵团报告，现有确诊病例49824例（其中重症病例9915例），累计治愈出院病例24734例，累计死亡病例2592例，累计报告确诊病例77150例（湖北省订正重复报告病例195例），现有疑似病例3434例。累计追踪到密切接触者635531人，尚在医学观察的密切接触者97481人。	湖北新增确诊病例398例（武汉348例），新增治愈出院病例1439例（武汉772例），新增死亡病例149例（武汉131例），现有确诊病例45054例（武汉35674例），其中重症病例9430例（武汉8329例）。累计治愈出院病例16738例（武汉8946例），累计死亡病例2495例（武汉1987例），累计确诊病例64287例（武汉46607例，订正重复报告病例195例）。新增疑似病例450例（武汉318例），现有疑似病例2770例（武汉1877例）。	累计收到港澳台地区通报确诊病例112例：香港特别行政区74例（出院12例，死亡2例），澳门特别行政区10例（出院6例），台湾地区28例(出院5例，死亡1例)。(责编：白宇、岳弘彬)
86,北京市无新增新冠肺炎确诊病例 9例治愈出院,02月24日08:34,http://society.people.com.cn/n1/2020/0224/c1008-31601042.html,"	人民网北京2月24日电 据北京市卫健委网站消息，2月23日0时至24时，北京市无新增新冠肺炎确诊病例。新增疑似病例30例，现有疑似病例94例。新增密切接触者32例，累计确定密切接触者2484例，其中1694例已解除医学观察。9例新冠肺炎患者分别从地坛医院、佑安医院、解放军总医院第五医学中心、回民医院、大兴区人民医院出院。其中7名男性，2名女性；年龄最小2岁，最大70岁。	截至2月23日24时,北京市累计确诊病例399例。出院198例，死亡4例，危重型16例。其中东城区12例、西城区53例、朝阳区60例、海淀区62例、丰台区41例、石景山区14例、门头沟区3例、房山区16例、通州区19例、顺义区10例、昌平区29例、大兴区39例、怀柔区7例、密云区7例、延庆区1例，外地来京人员26例。平谷区尚未有病例。	399例确诊病例中，男性病例189例，占47.4%，女性病例210例，占52.6%；年龄范围为6个月～94岁，其中5岁以下14例，占3.5%，6岁至17岁13例，占3.2%，18岁至59岁262例，占65.7%，60岁及以上110例，占27.6%。(责编：白宇、岳弘彬)"
87,湖北新增新冠肺炎确诊病例411例 新增出院1451例,02月21日07:17,http://society.people.com.cn/n1/2020/0221/c1008-31597323.html,	人民网北京2月21日电  据湖北省卫健委网站消息，2020年2月20日0―24时，全省新增新冠肺炎确诊病例411例，其中：武汉市319例、黄石市7例、十堰市13例、襄阳市3例、宜昌市4例、荆州市7例、荆门市6例、鄂州市5例、孝感市17例、黄冈市17例、随州市4例、恩施州1例、仙桃市1例、天门市4例、潜江市3例，咸宁市和神农架林区0例。	全省新增病亡115例，其中：武汉市99例、黄石市1例、襄阳市1例、宜昌市1例、荆门市3例、鄂州市1例、孝感市5例、黄冈市3例、随州市1例，十堰市、荆州市、咸宁市、恩施州、仙桃市、天门市、潜江市和神农架林区0例。	全省新增出院1451例，其中：武汉市766例、黄石市40例、十堰市22例、襄阳市49例、宜昌市19例、荆州市80例、荆门市28例、鄂州市25例、孝感市98例、黄冈市125例、咸宁市45例、随州市78例、恩施州10例、仙桃市26例、天门市32例、潜江市8例，神农架林区0例。	截至2020年2月20日24时，湖北省累计报告新冠肺炎确诊病例62442例，其中：武汉市45346例、黄石市974例、十堰市654例、襄阳市1170例、宜昌市895例、荆州市1517例、荆门市800例、鄂州市1343例、孝感市3346例、黄冈市2856例、咸宁市766例、随州市1287例、恩施州245例、仙桃市568例、天门市477例、潜江市188例、神农架林区10例。	全省累计治愈出院11788例。其中：武汉市6214例、黄石市339例、十堰市209例、襄阳市343例、宜昌市250例、荆州市531例、荆门市229例、鄂州市375例、孝感市771例、黄冈市1274例、咸宁市313例、随州市386例、恩施州112例、仙桃市210例、天门市165例、潜江市57例、神农架林区10例。	全省累计病亡2144例，其中：武汉市1684例、黄石市27例、十堰市2例、襄阳市24例、宜昌市28例、荆州市40例、荆门市37例、鄂州市39例、孝感市94例、黄冈市90例、咸宁市10例、随州市28例、恩施州3例、仙桃市19例、天门市12例、潜江市7例、神农架林区0例。	目前仍在院治疗42056例，其中：重症8979例、危重症2018例，均在定点医疗机构接受隔离治疗。现有疑似病例4084人，当日新增1269人，当日排除610人，集中隔离3906人。累计追踪密切接触者225696人，尚在接受医学观察63126人。(责编：岳弘彬、闫嘉琪)
88,中央赴湖北指导组成员向逝者鞠躬默哀,02月20日16:38,http://society.people.com.cn/n1/2020/0220/c1008-31596923.html,"showPlayer({id:""/pvservice/xml/2020/2/20/0b3c41c7-4dd7-430b-b013-f6c20e9423e0.xml"",width:640,height:360,skin:2});	人民网北京2月20日电“这场突如其来的疫情，是新中国成立以来的一场非常战‘役’，病毒来势之凶，疫情传播之烈，范围扩散之广，全社会所面临的挑战和压力之大，应该说堪称是前所未有”。今日下午，在武汉举行的国新办发布会上，中央指导组成员、国务院副秘书长丁向阳表示，中央派指导组到来，是告诉武汉和全国人民，武汉不是“孤岛”，武汉不是孤军作战。	丁向阳介绍，全国29个省和新疆生产建设兵团以及军队系统积极组织3万多名全国最优秀的医务人员支援湖北武汉，第一时间投入战疫第一线。我们看到了，他们没有迟疑，没有退却，没有眼泪，在防护服等物资最紧张的时刻，他们为了节省服装，由4小时一班改为6小时一班，甚至有的同志戴上了尿不湿工作，和死神赛跑，与病毒抗争，为生命接力，他们是新时代最美丽、最可爱的人。	发布会上，中央指导组成员、国务院副秘书长丁向阳，中央指导组成员、发展改革委副主任连维良，中央指导组成员、卫生健康委党组成员、中医药局党组书记、副局长余艳红等，起身为疫情中英勇牺牲的医护人员和不幸去世的患者默哀。(责编：温璐、曹昆)"
89,19日全国新增确诊病例394例 出院病例1779例,02月20日10:19,http://society.people.com.cn/n1/2020/0220/c1008-31596290.html,	人民网北京2月20日电  据国家卫健委网站消息，2月19日0―24时，31个省（自治区、直辖市）和新疆生产建设兵团报告新增确诊病例394例，新增死亡病例114例（湖北108例，河北、上海、福建、山东、云南、陕西各1例），新增疑似病例1277例。	当日新增治愈出院病例1779例，解除医学观察的密切接触者25318人，重症病例减少113例。	截至2月19日24时，据31个省（自治区、直辖市）和新疆生产建设兵团报告，现有确诊病例56303例（其中重症病例11864例），累计治愈出院病例16155例，累计死亡病例2118例，累计报告确诊病例74576例（江西、河南、云南省各核减1例），现有疑似病例4922例。累计追踪到密切接触者589163人，尚在医学观察的密切接触者126363人。	湖北新增确诊病例349例（其中：武汉新增615例，仙桃等4市新增13例，荆门、咸宁等10市州对确诊病例中来源于原“临床诊断病例”者进行核酸检测，通过综合分析，将核酸检测结果为阴性的病例从确诊病例中核减，共订正核减279例），新增治愈出院病例1209例（武汉553例），新增死亡病例108例（武汉88例），现有确诊病例49665例（武汉37994例），其中重症病例11178例（武汉9689例）。累计治愈出院病例10337例（武汉5448例），累计死亡病例2029例（武汉1585例），累计确诊病例62031例（武汉45027例）。新增疑似病例880例（武汉483例），现有疑似病例3456例（武汉1940例）。	累计收到港澳台地区通报确诊病例99例：香港特别行政区65例（出院5例，死亡2例），澳门特别行政区10例（出院6例），台湾地区24例(出院2例，死亡1例)。(责编：曹昆)
90,19日湖北省新增新冠肺炎确诊病例349例 出院1209例,02月20日09:00,http://society.people.com.cn/n1/2020/0220/c1008-31595952.html,	人民网北京2月20日电  据湖北省卫健委网站消息，2020年2月19日0―24时，全省新增新冠肺炎确诊病例349例，其中：武汉市615例、仙桃市5例、十堰市3例、随州市3例、襄阳市2例、黄冈市核减5例、鄂州市核减5例、恩施州核减5例、天门市核减13例、孝感市核减15例、黄石市核减16例、宜昌市核减16例、荆州市核减31例、咸宁市核减66例、荆门市核减107例。	全省新增病亡108例，其中：武汉市88例、孝感市7例、黄冈市2例、宜昌市2例、荆州市2例、黄石市1例、襄阳市1例、鄂州市1例、荆门市1例、随州市1例、潜江市1例、天门市1例。	全省新增出院1209例，其中：武汉市553例、孝感市101例、黄冈市90例、襄阳市64例、天门市60例、随州市54例、鄂州市49例、咸宁市43例、荆州市42例、黄石市37例、仙桃市35例、十堰市23例、宜昌市23例、荆门市20例、潜江市9例、恩施州6例。	截至2020年2月19日24时，湖北省累计报告新冠肺炎病例62031例，其中：武汉市45027例、孝感市3329例、黄冈市2839例、荆州市1510例、鄂州市1338例、随州市1283例、襄阳市1167例、黄石市967例、宜昌市891例、荆门市794例、咸宁市766例、十堰市641例、仙桃市567例、天门市473例、恩施州244例、潜江市185例、神农架林区10例。	全省累计治愈出院10337例。全省累计病亡2029例，其中：武汉市1585例、孝感市89例、黄冈市87例、荆州市40例、鄂州市38例、荆门市34例、随州市27例、宜昌市27例、黄石市26例、襄阳市23例、仙桃市19例、天门市12例、咸宁市10例、潜江市7例、恩施州3例、十堰市2例。	目前仍在院治疗43745例，其中：重症9128例、危重症2050例，均在定点医疗机构接受隔离治疗。现有疑似病例3456人，当日新增880人，当日排除872人，集中隔离3334人。累计追踪密切接触者214093人，尚在接受医学观察65525人。(责编：曹昆)
91,春运40天全国铁路发送旅客2.1亿人次 同比下降48.3%,02月19日12:36,http://society.people.com.cn/n1/2020/0219/c1008-31594741.html,	人民网北京2月19日电 （记者孝金波）记者从中国国家铁路集团有限公司获悉，1月10日至2月18日，春运40天，全国铁路共发送旅客2.1亿人次，同比减少1.96亿人次，下降48.3%。1月21日至2月18日，共免费办理退票1.18亿张，运送防控人员7747人和防控物资7289批、11.3万吨。	节前春运15天（1月10日至1月24日），全国铁路共发送旅客1.68亿人次，同比增加2463万人次，增长17.2%，日均1120万人次；节后春运25天（1月25日至2月18日），全国铁路共发送旅客4248万人次，同比减少2.2亿人次，下降83.9%，日均170万人次。	国铁集团相关部门负责人介绍， 节前春运15天，铁路部门坚持以人民为中心的发展思想，统筹运用铁路新增线路和车辆能力，增开动车组列车，全面推广高铁电子客票，全面实施网络候补购票，进一步提升12306网络售票能力，持续改进普速站车服务质量，加强乘降组织和服务，确保了节前春运的平稳度过。节后春运25天，铁路部门坚决贯彻落实党中央、国务院关于疫情防控工作的各项决策部署，闻令而动，迅速行动，采取坚决果断有力措施做好站车疫情防控工作，快速抢运防控人员和物资，积极配合地方政府协查车上密切接触者，认真做好铁路职工队伍健康防护工作，加强国计民生物资运输保障国民经济正常运行，切实保证中欧班列等国际物流通道安全畅通，积极推动铁路重点工程复工建设，开行定制务工人员专列助力企业复工复产，全力支持打赢疫情防控阻击战。	1月21日至2月18日，全国铁路共免费办理退票1.18亿张，运送防控人员7747人和防控物资7289批、11.3万吨，配合协查车上密切接触者2300批以上，列车下交发热旅客631人。今年以来，全国铁路货物发送量5.5亿吨，同比基本持平；中欧班列发送货物8.1万标箱，同比增长2.3%；全国28项铁路重点工程、384个工点开工建设。(责编：孝金波、岳弘彬)
92,镜头里的“疫”瞬间③：雷神山首批两名治愈患者出院,02月19日09:58,http://society.people.com.cn/n1/2020/0219/c1008-31594366.html,	人民网武汉2月19日电 （记者 崔东 刘阳 韩基琛）2月18日上午，武汉雷神山医院首批两名治愈患者出院。	上午11时许，雷神山医院首位痊愈患者83岁的袁婆婆，在其主治医生大连医科大学附属第二医院急诊科教研室副主任隋韶光和多位医护人员的陪同下来到雷神山医院东门。	袁婆婆是雷神山首位出院的治愈患者 韩基琛 摄	袁婆婆看到等候的新闻媒体，开心地伸出手和大家打招呼，老人说自己身体已经好了，连声向医护人员说谢谢。	袁婆婆频频伸出大拇指点赞 韩基琛 摄	隋韶光介绍了她的情况。老人于2月9日收治到雷神山医院，经两次核酸检测等检查和专家组会诊确认，符合出院标准，准予出院。出院后，袁婆婆还需在家隔离14天。	出院证明由雷神山医院副院长袁玉峰交到老人手里。袁婆婆告诉记者，自己是因为照顾确诊新冠肺炎的老伴才被感染的，现在还不知道老伴在哪里。隋韶光医生表示她老伴也在雷神山医院治疗，状况良好。	袁婆婆的出院证明 韩基琛 摄	36岁的王先生与袁婆婆同天康复出院。在医院门口，王先生接过雷神山医院副院长袁玉峰递来的出院证明和慰问信，自己大声朗诵慰问信中的内容。	医护人员写给患者的一封信 韩基琛 摄	他表示出院后首先要去社区隔离14天，他愿意捐献自己的血浆救治更多新冠肺炎危重患者。他最盼望的就是和家人团聚。“现在最想吃的就热干面。”他兴奋地告诉记者。	王先生和住院期间照顾他的医护人员合影 韩基琛 摄	袁玉峰告诉记者，目前雷神山医院采用了中西医结合的方法救治病人，效果显著。送走袁婆婆和王先生后，还有医护人员在雷神山医院门口合影留念。(责编：李枫、岳弘彬)
93,全市拉网大排查明日交卷！王忠林：再发现一例居家确诊病人，拿区委书记区长是问,02月19日08:06,http://society.people.com.cn/n1/2020/0219/c1008-31593588.html,	2月18日，结束下午的基层暗访后，湖北省委常委、武汉市委书记王忠林在市新冠肺炎疫情防控指挥部召开视频例会，听取各区重点难点汇报，围绕三天拉网式大排查、小区封闭管理、应收尽收等工作进行再调度、再部署。群众发动不起来打一场人民战争是不可能的	会议一开始，播放了一段来自媒体的暗访视频。视频显示，武汉部分小区没有按照规定要求管住管严;一些市民防疫意识还比较淡漠……	“我们在小区封闭管理、控制人员流动上做了些工作，实际上落实得并不好。”王忠林说，群众发动不起来，打一场人民战争是不可能的。各区要在发动群众上持续加力，让居民参与到社区防控工作之中，只有居民都参与进来了，才能真正把小区当成自己的家园。	他要求，要加强宣传引导，让市民对疫情严峻形势有充分警觉，认识到不执行封闭管理的危害，千万不能不当回事。对于不听劝阻不服从管理的，要依法严格处理，加大曝光力度，“这不是个人行为，而是危及到大家共同的安全。 ”现在待在家是为了今后更健康、愉快的生活	社区的24小时封闭管理到底如何能够落实到位？会上，王忠林提出了几点具体要求：	――封控管理一定要严格。社区防控是“治本”。这一点，标准要严，没有余地。无论有什么困难，都要坚决做好。我们要告诉广大市民：待在家里，静下心来，是为了今后更健康、愉快的生活。	――发挥好基层党组织的作用。凡是小区管得好的，都和小区党组织作用发挥得好有关系。基层党组织作用发挥不好，防控也好不了。这一点各级各部门一定要下功夫，切实把责任担起来。	――发挥好党员市民的作用。每个小区都有党员，首先把他们发动起来，让他们直接参与到小区防控和服务上来，让党旗在抗击疫情的一线高高飘扬，让每一名党员市民都发挥好先锋模范作用。	――物流配送要完善。如果不系统不配套，不能满足市民的需要，封闭执行起来也很难。要多渠道，有堵就要有疏。	――下派干部要统一管起来。下沉的干部一定要服从社区管理，参与社区工作，积极发动群众。再发现一例居家的确诊和疑似病人就拿区委书记、区长是问	19日是全市拉网清底大排查的最后一天。王忠林表示，要在排查上持续加力，这是见底的措施，“不见底，打阻击战是不靠谱的”。 底数摸清了，才能把握疫情防控的主动权。	在排查过程中，“各区之间并不平衡，有的区在认真组织，有的区大而化之”。19日就是交卷时间，王忠林现场部署：各区要作出承诺，确保没有居家的确诊和疑似病人，“不能不当回事，人命关天，如果再发现一例，就拿区委书记、区长是问。”	王忠林说，在核酸检测上还要持续加力，加大组织力度，尽快调配检测力量，要确保20日前完成临床确诊病例、疑似患者、密切接触者、发热病人核酸检测。对于核酸检测呈阳性的，该收治的收治;对于核酸呈阴性的，尽快采取相关措施分流。收治是为了救命的不是为了统计数字	应收尽收是打赢疫情防控阻击战的关键点。王忠林表示，目前还有很多确诊病人在集中隔离点，得不到很好的救治，“凑凑合合，时间长了，都拖成了重症”。他说，收治是为了救命的，人命关天，不是为了统计数字。	他说，要在应收尽收上持续加力：不论年龄大小，不论什么困难，大家不要犹豫，要以对人民生命健康安全极端负责的态度，把居家确诊患者全部收治;要把在集中隔离点的确诊患者分类转移到定点医院和“方舱医院”;对于拒绝收治的病人，要依法进行处理。	“疫情防控形势依然严峻，要保持清醒，不能盲目乐观。 ” 王忠林说，各级各部门一定要增强责任感和紧迫感，以对人民生命健康负责，对国家发展大局负责的态度，咬紧牙关、持续加力，把各项措施落实落地。	他请各级领导干部牢记以人民为中心――我们出现的任何一点疏忽，都将会给广大人民群众生命健康带来巨大隐患，都将迟滞打赢武汉保卫战的步伐。“希望大家拼尽全力，继续努力，取得战‘疫’的最终胜利。”	（记者 郑汝可 王雪 摄影：记者 周超）(责编：李枫、岳弘彬)
94,战“疫”宝宝：谢谢你们给予的呵护和希望,02月18日10:17,http://society.people.com.cn/n1/2020/0218/c1008-31592395.html,	　　央视网消息：日前，国务院应对新型冠状病毒肺炎疫情联防联控机制发出通知要求，把人民群众生命安全和身体健康放在第一位，对孕产妇和儿童等重点人群优先予以保障。我们来看记者在武汉的探访。	　　这个宝宝小名叫壮壮，1月27日在武汉的中部战区总医院出生，因为他的妈妈是新冠肺炎的确诊患者，所以他的出生也是困难重重。	　　为了确保产妇和婴儿的安全，中部战区总医院组织了新生儿科、妇产科、感染控制科等多方专家进行了联合会诊。	　　经过专家的会诊，1月27日当天就对孕妇实施了剖宫产手术。孩子出生后立即转到新生儿科的病房，接下来，这个小生命就要面对两个关口，一个是早产关，另一个就是要检查是否也被感染了新冠肺炎。	　　孩子转到新生儿病房后，所有参与救治宝宝的医护人员就开始帮助宝宝闯关。	　　因为孩子的核酸检测还没有出结果，所有的医护人员都要按照三级防护的要求进行各种操作。	　　经过两次核酸检测，都是阴性，说明孩子没有感染新冠肺炎，这让孩子家长和医护人员都松了口气。为了让壮壮妈妈见到宝宝，医护人员组建了一个微信群，把壮壮的爸爸和爷爷奶奶也拉到了群中。2月9日，壮壮通过视频第一次见到了妈妈。	　　实际上，小壮壮2月10日就已经达到了出院的指标。但是因为他的父母都是新冠肺炎确诊感染者，还在住院接受治疗，宝宝出院没有人照顾。考虑到壮壮家里的困难，中部战区总医院决定让孩子继续留在医院，直到他的父母可以出院的时候，一起接他回家。	　　现在壮壮的妈妈还在治疗中，为了让她安心治疗，照顾壮壮的医护人员会和壮壮妈妈视频连线，让她多看看孩子。现在，壮壮妈妈最盼望的就是一家人都好起来，等到疫情结束，他们带着孩子去看看这些照顾壮壮的医护人员，记住口罩后面，这些无私的白衣天使。	　　疫情发生以来，像壮壮这样被医护人员精心照顾的婴幼儿还有很多，武汉儿童医院是新冠肺炎患儿的定点救治医院，内科综合病区是收治首批确诊患儿的隔离病房。	　　1月31日，刚刚6个月大的乐乐被确诊患有新冠肺炎，住进了武汉儿童医院内科综合病区。6个月大的孩子正是需要人照顾的时候。突然离开熟悉的家人和环境，乐乐有些“认生”，加上生病，他感到不舒服，只能用哭来表达。	　　因为家人不在身边，乐乐只要睡醒就要抱，这给原本就十分忙碌的病房增加了工作量。为了照顾好他，每天24小时，病区专门排了三个班，三班护士轮流照顾他。	　　在乐乐的床头，贴着一份养娃“说明书”，这是护士“妈妈”们与他慢慢“磨合”后，总结出来的照顾经验。每个接班的“妈妈”都会参照这份“说明书”来照顾他。现在乐乐已经转到呼吸内科，由护士胡纤接力专门照看。这份养娃“说明书”也跟乐乐一起转到了胡纤手里。	　　说来也巧，胡纤的孩子只比乐乐大一天，面对突然而来的疫情，正处于哺乳期的她把孩子留在家里让爱人照顾，自己进入隔离病区给小患者们当起了“临时妈妈”。	　　现在的乐乐已经不再害怕穿防护服的医护人员，反而成了一个“自来熟”，不管是谁抱着，他都会乖巧地趴在肩头，不哭不闹。	　　乐乐就要出院了，因为他的妈妈还在住院，只能让舅舅来接他回去照顾，出院前护士长宋庆跟乐乐妈妈视频，一遍遍地叮嘱她回去照顾乐乐的注意事项。	　　2月14日是乐乐出院的日子，早上，乐乐的舅舅来接他，胡纤不放心，再一次地叮嘱着照顾乐乐的各种细节。	　　看了这些小婴儿的故事，真得好好感谢白衣天使的守护。白衣天使用耐心、细心和爱心呵护这些婴儿。希望他们长大之后，知道在他们生命刚刚开始的时候，曾经有一群陌生人，这样守护过他们，给了他们生命和希望。(责编：曹昆)
95,用警徽筑起安全防线（暖闻热评）,02月17日09:10,http://legal.people.com.cn/n1/2020/0217/c42510-31590254.html,	【人物】第二十次春节值班的民警赵志万	【故事】云南省水富市的55岁民警赵志万，今年春节格外忙碌。自己是民警，妻子是疾控中心员工，女儿是卫生健康局工作人员，面对新冠肺炎疫情，一家三口在春节期间全上了战“疫”前线，这也是赵志万的第二十次春节值班。其间，老赵每天都要面对数千辆车、上万人，白天劝说旅客配合检查，晚上还要为交通安全保驾护航。	【点评】	群众有需要的地方，就有人民警察。今年大年初四，云南水富相继出现29名有发热迹象的人员需要隔离观察，赵志万和同事临危受命，负责配合医护人员、维持治安秩序。被隔离者中有一家人情绪激动。赵志万先是言语安慰、打消当事者顾虑，又释法说理，最终安抚好了当事一家的情绪。这个春节，自己的小家里冷冷清清，老赵和家人却无怨无悔，在各自岗位上为打赢疫情防控阻击战贡献力量。	参与疫情防控，是一件任务艰巨、压力不小的工作。维护治安秩序、疏导交通，做体温检测、筛查，上报各类数据，维持隔离区域的秩序……在这个特殊时期，无数像老赵一样的人民警察，用辛勤值守和忠诚尽责，尽力做好、做细每一项工作。一个个挺立在疫情防控一线的身影，一次次请求公众配合执法的举手礼，人民警察以赤胆忠心、实干担当，让老百姓倍感踏实和安全。	战的是疫情，稳的是人心。这个春节，很多人的假期延长了，而公安战线上的同志们都在加班加点。内蒙古自治区突泉县公安局何建华、山东省泰安市公安局李弦、河南省汝州市公安局程建阳、长江航运公安局宜昌分局尹祖川、沈阳铁路公安局吉林公安处刘大庆等5人，因劳累过度、突发疾病，牺牲在抗击新冠肺炎疫情的岗位上，被追授全国公安系统二级英雄模范称号。牢记宗旨、忠诚履职、爱岗敬业、勇于担当的公安干警还有很多很多，他们无私无畏地奋战在疫情防控第一线。正是他们舍小家、挺在前，服务群众、维持秩序，为一户户家庭、一个个村庄、一座座城市筑起安全防线。	唯有万众一心，才能众志成城。人民警察是英勇的战“疫”者，我们要当好他们的支持者、关爱者，也要像他们那样视职责比天大，视忠诚比山高。广大党员、干部、群众，既守土有责又守土担责、守土尽责，精诚团结、众志成城、共同努力，一定能取得疫情防控斗争的全面胜利。	【网言网语】	看到他们像盾牌一样挺在前面，我们真的很放心。	――@一家人  	人民警察爱人民，对得起头顶上的警徽，辛苦了。	――@大声说  	一家三口都冲在第一线，真是把汗水洒在了为民服务上，向他们致敬。	――@心无旁骛  《 人民日报 》（ 2020年02月17日 05 版）(责编：朱紫阳、孝金波)
96,湖北省新增新冠肺炎确诊病例1843例 累计56249例,02月16日06:27,http://society.people.com.cn/n1/2020/0216/c1008-31588845.html,	人民网北京2月16日电 据湖北省卫健委网站消息，2020年2月15日0―24时，全省新增新冠肺炎确诊病例1843例(含临床诊断病例888例)，其中：武汉市1548例、孝感市87例、潜江市50例、鄂州市38例、天门市25例、随州市22例、襄阳市16例、荆州市12例、咸宁市12例、仙桃市9例、黄石市8例、荆门市7例、黄冈市6例、十堰市5例、恩施州3例、宜昌市核减5例。全省新增病亡139例，其中：武汉市110例、黄冈市7例、宜昌市6例、荆州市4例、孝感市3例、随州市3例、荆门市2例、黄石市1例、襄阳市1例、鄂州市1例、潜江市1例。全省新增出院849例，其中：武汉市413例、黄冈市105例、荆州市71例、宜昌市48例、孝感市40例、襄阳市29例、咸宁市25例、仙桃市24例、鄂州市23例、黄石市22例、随州市17例、十堰市16例、天门市6例、荆门市5例、恩施州5例。	截至2020年2月15日24时，湖北省累计报告新冠肺炎病例56249例，其中：武汉市39462例、孝感市3201例、黄冈市2823例、荆州市1490例、随州市1254例、鄂州市1230例、襄阳市1144例、黄石市988例、荆门市909例、宜昌市901例、咸宁市852例、十堰市602例、仙桃市523例、天门市447例、恩施州247例、潜江市166例、神农架林区10例。全省累计治愈出院5623例。全省累计病亡1596例，其中：武汉市1233例、黄冈市75例、孝感市65例、荆州市36例、鄂州市34例、荆门市30例、随州市22例、宜昌市21例、襄阳市19例、仙桃市17例、黄石市14例、天门市10例、咸宁市8例、潜江市6例、恩施州4例、十堰市2例。	目前仍在院治疗39447例，其中：重症8439例、危重症1957例。累计追踪密切接触者183183人，尚在接受医学观察74261人。(责编：牛镛、岳弘彬)
97,交通部：17日零时起至疫情防控工作结束 全国收费公路免收车辆通行费,02月15日16:39,http://society.people.com.cn/n1/2020/0215/c1008-31588602.html,人民网北京2月15日电 2月15日，从交通运输部获悉，经国务院同意，2月17日零时起至疫情防控工作结束，全国收费公路免收车辆通行费。具体截止时间另行通知。	据了解，此次免费范围为符合《中华人民共和国公路法》《收费公路管理条例》规定，经依法批准设置的所有收费公路(含收费桥梁和隧道);免费对象为依法通行收费公路的所有车辆。其中，联网收费高速公路以车辆驶离出口收费车道的时间为准，开放式收费的高速公路和普通收费公路以车辆通过收费站收费车道的时间为准。	交通运输部印发通知，明确新冠肺炎疫情防控期间免收收费公路车辆通行费的具体工作，由各省(区、市)人民政府负责统一组织实施。省级交通运输主管部门要在当地政府统一领导下，会同有关部门制定方案，落实责任，细化措施，加强公路保通保畅，保护人民群众生命安全和身体健康，保障疫情防控和生产生活物资运输，支持企业复工复产，为稳定经济社会大局提供有力支撑。(责编：温璐、申亚欣)
98,焦雅辉：金银潭医院和武汉肺科医院出院率达到30%-39%,02月15日10:01,http://society.people.com.cn/n1/2020/0215/c1008-31588252.html,	人民网北京2月15日电 今日上午，在武汉举行的国新办发布会上，国家卫健委医政医管局副局长焦雅辉介绍，最近一段时间以来，我们重点在抓有创呼吸机的使用。要求临床医生做到关口前移，一定要把握住能够抢救患者生命的有利时机，及早使用有创呼吸机，恢复患者的血氧饱和度，把死亡率降下来。	焦雅辉表示，以武汉市最早重症定点两家医院为例，金银潭医院和武汉肺科医院，他们现在患者的出院率已经达到了30%到39%，从这个数字看，给我们带来了极大的信心。	 (责编：温璐、邓志慧)
99,王贺胜：各地共派出217支医疗队 25633名医疗队员支援湖北,02月15日09:37,http://society.people.com.cn/n1/2020/0215/c1008-31588224.html,	人民网北京2月15日电 今日上午，国家卫生健康委副主任、湖北省委常委王贺胜在湖北武汉举行的新闻发布会上介绍，截至2月14日24时，各地共派出了217支医疗队，25633名医疗队员，不包括军队派出的医疗队和队员。此外，还调集了三个移动的P3实验室，其中在武汉市有181支医疗队，20374名医疗队员，在其他城市有36支医疗队，5259名医疗队员，这些都大大超过了2008年汶川特大地震医疗救援的调动规模速度。(责编：温璐、邓志慧)
100,上海新增8例新冠肺炎确诊病例 累计确诊326例,02月15日08:46,http://society.people.com.cn/n1/2020/0215/c1008-31588139.html,	人民网北京2月15日电  据上海市卫生健康委员会官方微博消息，2020年2月14日12―24时，上海市排除新型冠状病毒肺炎疑似病例47例；新增确诊病例8例，其中7例为外地来沪人员，1例为本市常住人口。	截至2月14日24时，上海市已累计排除疑似病例1586例，发现确诊病例326例。确诊病例中，男性168例，女性158例；年龄最大88岁，最小7月龄；144例有湖北居住或旅行史，33例有湖北以外地区居住或旅行史，149例有相关病例接触史；外地来沪人员109例，本市常住人口217例。具体情况如下图。	目前，218例病情平稳，12例病情危重，5例重症，90例治愈出院，1例死亡。尚有143例疑似病例正在排查中。(责编：邓志慧、申亚欣)
